     3228.0000000000        -0.0437004181
     3229.0000000000        -0.2010729933
     3230.0000000000         0.1143591473
     3231.0000000000         0.1601430408
     3232.0000000000        -0.0386149242
     3233.0000000000         0.0643826297
     3234.0000000000         0.1263242374
     3235.0000000000         0.0415298613
     3236.0000000000         0.2814042843
     3237.0000000000        -0.1270572252
     3238.0000000000        -0.1413576490
     3239.0000000000         0.0731588068
     3240.0000000000        -0.1126783815
     3241.0000000000        -0.6278873596
     3242.0000000000        -0.0161020384
     3243.0000000000         0.2324837374
     3244.0000000000         0.3936418566
     3245.0000000000         0.3479730986
     3246.0000000000         0.0081521879
     3247.0000000000         0.4337258230
     3248.0000000000        -0.0215640874
     3249.0000000000         0.0812121185
     3250.0000000000         0.1286000847
     3251.0000000000         0.2207558117
     3252.0000000000         0.0816364267
     3253.0000000000        -0.0583456711
     3254.0000000000        -0.2913665927
     3255.0000000000        -0.0476251372
     3256.0000000000         0.4392651751
     3257.0000000000        -0.3651845081
     3258.0000000000         0.0841457091
     3259.0000000000         0.4867820355
     3260.0000000000         0.4766368042
     3261.0000000000        -0.1793151068
     3262.0000000000        -0.0449892310
     3263.0000000000        -0.1744352092
     3264.0000000000         0.1821603295
     3265.0000000000         0.1473444028
     3266.0000000000        -0.1587006244
     3267.0000000000        -0.1301112843
     3268.0000000000        -0.4080045644
     3269.0000000000        -0.0011153085
     3270.0000000000         0.1714460227
     3271.0000000000         0.3387372237
     3272.0000000000        -0.0657718729
     3273.0000000000        -0.0484990654
     3274.0000000000         0.1191969501
     3275.0000000000         0.2325556160
     3276.0000000000         0.4646945312
     3277.0000000000        -0.0291424793
     3278.0000000000        -0.1224122917
     3279.0000000000        -0.1934902715
     3280.0000000000        -0.7896159063
     3281.0000000000         0.0734800325
     3282.0000000000         0.1054194782
     3283.0000000000        -0.1421331096
     3284.0000000000        -0.3147733526
     3285.0000000000        -0.0448879879
     3286.0000000000        -0.0871685091
     3287.0000000000        -0.3295330163
     3288.0000000000         0.2512637743
     3289.0000000000         0.2147576199
     3290.0000000000        -0.2807413390
     3291.0000000000        -0.1969880109
     3292.0000000000         0.1398385201
     3293.0000000000         0.3350356555
     3294.0000000000         0.2686737099
     3295.0000000000        -0.0638905659
     3296.0000000000        -0.4282440528
     3297.0000000000        -0.2497189496
     3298.0000000000         0.1735631308
     3299.0000000000         0.2981910661
     3300.0000000000         0.1400510640
     3301.0000000000         0.0689625999
     3302.0000000000        -0.2429044489
     3303.0000000000         0.0621146053
     3304.0000000000         0.2171052821
     3305.0000000000        -0.0058255734
     3306.0000000000         0.3666888166
     3307.0000000000         0.2104329680
     3308.0000000000         0.1845615124
     3309.0000000000         0.1115662940
     3310.0000000000         0.1016951684
     3311.0000000000        -0.2286922423
     3312.0000000000        -0.5456882488
     3313.0000000000         0.1042286800
     3314.0000000000         0.2535558259
     3315.0000000000        -0.1838125576
     3316.0000000000        -0.2204567407
     3317.0000000000        -0.1647605284
     3318.0000000000        -0.1298381140
     3319.0000000000         0.0899459098
     3320.0000000000         0.1669014404
     3321.0000000000         0.1863460036
     3322.0000000000         0.3197351883
     3323.0000000000         0.0764545505
     3324.0000000000         0.2363638147
     3325.0000000000         0.5236790430
     3326.0000000000         0.0984851233
     3327.0000000000         0.1041855537
     3328.0000000000         0.0367389492
     3329.0000000000         0.2341581902
     3330.0000000000         0.2533958718
     3331.0000000000        -0.2407229398
     3332.0000000000        -0.1788270395
     3333.0000000000         0.0014435958
     3334.0000000000         0.1102826129
     3335.0000000000         0.1387740325
     3336.0000000000        -0.2353141330
     3337.0000000000         0.0084619651
     3338.0000000000        -0.3230136316
     3339.0000000000        -0.1301967911
     3340.0000000000         0.0711063690
     3341.0000000000        -0.1807833500
     3342.0000000000        -0.3398178585
     3343.0000000000         0.2807016876
     3344.0000000000         0.1121133754
     3345.0000000000         0.3643705359
     3346.0000000000         0.3081197172
     3347.0000000000         0.0501189302
     3348.0000000000         0.0594243244
     3349.0000000000        -0.1812391125
     3350.0000000000        -0.0389886847
     3351.0000000000         0.1236320397
     3352.0000000000         0.0340025868
     3353.0000000000         0.0897870403
     3354.0000000000         0.1615549657
     3355.0000000000         0.1033425553
     3356.0000000000         0.1419048796
     3357.0000000000        -0.0303972756
     3358.0000000000        -0.0465340107
     3359.0000000000         0.4538202203
     3360.0000000000         0.1153732886
     3361.0000000000        -0.1209234671
     3362.0000000000         0.1972282348
     3363.0000000000        -0.3810493881
     3364.0000000000        -0.3750359195
     3365.0000000000         0.0058387029
     3366.0000000000         0.1287241914
     3367.0000000000        -0.1086731923
     3368.0000000000        -0.1344020184
     3369.0000000000         0.1234940635
     3370.0000000000         0.3351408684
     3371.0000000000        -0.0561778176
     3372.0000000000         0.1449825659
     3373.0000000000         0.3325052073
     3374.0000000000         0.3413908876
     3375.0000000000         0.0852114275
     3376.0000000000        -0.2414345175
     3377.0000000000        -0.1479636534
     3378.0000000000        -0.0174214794
     3379.0000000000        -0.0941399145
     3380.0000000000        -0.2088985968
     3381.0000000000        -0.3562672990
     3382.0000000000        -0.0745792777
     3383.0000000000        -0.0942268372
     3384.0000000000        -0.1139711548
     3385.0000000000         0.0729290023
     3386.0000000000         0.2038663115
     3387.0000000000         0.2581104870
     3388.0000000000         0.3106797182
     3389.0000000000         0.3378018907
     3390.0000000000         0.4044818395
     3391.0000000000         0.3588716669
     3392.0000000000         0.4380904825
     3393.0000000000         0.3023592477
     3394.0000000000         0.4108836486
     3395.0000000000         0.5833588210
     3396.0000000000         0.8545921278
     3397.0000000000         0.7086530556
     3398.0000000000         0.7761399572
     3399.0000000000         0.8311024796
     3400.0000000000         1.0553946976
     3401.0000000000         1.4379463699
     3402.0000000000         1.1162999413
     3403.0000000000         0.7872847086
     3404.0000000000         1.1362842204
     3405.0000000000         1.1098948434
     3406.0000000000         1.3919980028
     3407.0000000000         1.1628362514
     3408.0000000000         0.7799356434
     3409.0000000000         0.7292489572
     3410.0000000000         0.2599311801
     3411.0000000000         0.2509731270
     3412.0000000000         0.7348781304
     3413.0000000000         1.5545789146
     3414.0000000000         2.1329385434
     3415.0000000000         1.6923221559
     3416.0000000000         1.9030108374
     3417.0000000000         1.8997006053
     3418.0000000000         2.2032098373
     3419.0000000000         1.5881062908
     3420.0000000000         1.5223433779
     3421.0000000000         1.5628363635
     3422.0000000000         1.4029687684
     3423.0000000000         1.8404186645
     3424.0000000000         2.2946692497
     3425.0000000000         2.2218170742
     3426.0000000000         2.4605038201
     3427.0000000000         2.5922617392
     3428.0000000000         2.4443804606
     3429.0000000000         2.0376575754
     3430.0000000000         1.4493769217
     3431.0000000000         2.0163547503
     3432.0000000000         2.7838142991
     3433.0000000000         2.8502066747
     3434.0000000000         2.2608866646
     3435.0000000000         2.6548923600
     3436.0000000000         2.6716188857
     3437.0000000000         2.7905519111
     3438.0000000000         3.0247154644
     3439.0000000000         2.9560991578
     3440.0000000000         2.8892861495
     3441.0000000000         3.0763094977
     3442.0000000000         3.4298163992
     3443.0000000000         3.3812324787
     3444.0000000000         2.8650710512
     3445.0000000000         2.6490616102
     3446.0000000000         2.4291086287
     3447.0000000000         2.5993809443
     3448.0000000000         2.5097054575
     3449.0000000000         2.0816425647
     3450.0000000000         2.0122134608
     3451.0000000000         2.6966463450
     3452.0000000000         2.8787185943
     3453.0000000000         3.3728391822
     3454.0000000000         3.3070705788
     3455.0000000000         3.0289087725
     3456.0000000000         2.9598089168
     3457.0000000000         2.8140062265
     3458.0000000000         2.7369386285
     3459.0000000000         2.9315779184
     3460.0000000000         2.6842665937
     3461.0000000000         2.7453793922
     3462.0000000000         2.9697740673
     3463.0000000000         2.7972963141
     3464.0000000000         2.8241496877
     3465.0000000000         2.9146648206
     3466.0000000000         2.7703357326
     3467.0000000000         2.5190894438
     3468.0000000000         2.9554786372
     3469.0000000000         3.0618808259
     3470.0000000000         2.3467251996
     3471.0000000000         2.4058763330
     3472.0000000000         2.6000745533
     3473.0000000000         2.9349117520
     3474.0000000000         3.0327993671
     3475.0000000000         3.4480811534
     3476.0000000000         3.6702754778
     3477.0000000000         2.9213448957
     3478.0000000000         1.6959314420
     3479.0000000000         1.9400286106
     3480.0000000000         2.7880389267
     3481.0000000000         3.7536641749
     3482.0000000000         3.9497925607
     3483.0000000000         4.0561489054
     3484.0000000000         4.1350623673
     3485.0000000000         4.2235447134
     3486.0000000000         3.9358060820
     3487.0000000000         4.0445513219
     3488.0000000000         4.6760961056
     3489.0000000000         4.6850179457
     3490.0000000000         4.1692273582
     3491.0000000000         4.0090808648
     3492.0000000000         4.3632745310
     3493.0000000000         3.5268039680
     3494.0000000000         3.1255535475
     3495.0000000000         3.4360251716
     3496.0000000000         4.2768358688
     3497.0000000000         4.2766989072
     3498.0000000000         3.2421066401
     3499.0000000000         3.3966772069
     3500.0000000000         3.6355840065
     3501.0000000000         3.9793245853
     3502.0000000000         3.9965485408
     3503.0000000000         4.0593145050
     3504.0000000000         3.9604770971
     3505.0000000000         3.9665754857
     3506.0000000000         4.0920294930
     3507.0000000000         4.2008407279
     3508.0000000000         3.3308017857
     3509.0000000000         2.7611620965
     3510.0000000000         3.4389221928
     3511.0000000000         4.1556801143
     3512.0000000000         4.4653468732
     3513.0000000000         4.1775804076
     3514.0000000000         4.0171132738
     3515.0000000000         4.1493705761
     3516.0000000000         4.1478460584
     3517.0000000000         3.9859444123
     3518.0000000000         3.6814181087
     3519.0000000000         2.7688098590
     3520.0000000000         2.7112773611
     3521.0000000000         2.9594714686
     3522.0000000000         3.2441668002
     3523.0000000000         3.2790397288
     3524.0000000000         3.4911170312
     3525.0000000000         3.6360018287
     3526.0000000000         4.0966167851
     3527.0000000000         4.1078156473
     3528.0000000000         4.4475424104
     3529.0000000000         4.4825355799
     3530.0000000000         3.9544014151
     3531.0000000000         3.1802191361
     3532.0000000000         3.0136739230
     3533.0000000000         3.1016714822
     3534.0000000000         3.3136717728
     3535.0000000000         2.8455891258
     3536.0000000000         3.0746555911
     3537.0000000000         3.0630729895
     3538.0000000000         3.4161636077
     3539.0000000000         3.0091826721
     3540.0000000000         2.8735268229
     3541.0000000000         3.1549701012
     3542.0000000000         3.3576187216
     3543.0000000000         3.6128833906
     3544.0000000000         3.8199828197
     3545.0000000000         3.5842440986
     3546.0000000000         3.1964500939
     3547.0000000000         2.0610523346
     3548.0000000000         1.3467012264
     3549.0000000000         1.7891444913
     3550.0000000000         2.5454232190
     3551.0000000000         3.8427250103
     3552.0000000000         3.8521361450
     3553.0000000000         4.0397130977
     3554.0000000000         3.9929073809
     3555.0000000000         4.0377109348
     3556.0000000000         4.0153925856
     3557.0000000000         3.4469718514
     3558.0000000000         3.6136050183
     3559.0000000000         3.9274764646
     3560.0000000000         3.2594787795
     3561.0000000000         2.6980650999
     3562.0000000000         2.4542652074
     3563.0000000000         1.7817384868
     3564.0000000000         1.4901167410
     3565.0000000000         1.8983263845
     3566.0000000000         1.8561809947
     3567.0000000000         1.8120109155
     3568.0000000000         2.7487900031
     3569.0000000000         3.6470043446
     3570.0000000000         3.7858858525
     3571.0000000000         3.4757971225
     3572.0000000000         3.0591151434
     3573.0000000000         3.2094372256
     3574.0000000000         3.6524705105
     3575.0000000000         3.6290050498
     3576.0000000000         3.2903563228
     3577.0000000000         3.5903501677
     3578.0000000000         4.1245544206
     3579.0000000000         4.3061700795
     3580.0000000000         4.2684998640
     3581.0000000000         4.0516436486
     3582.0000000000         3.9568642989
     3583.0000000000         4.3485205234
     3584.0000000000         4.2004530815
     3585.0000000000         4.0640446161
     3586.0000000000         3.2269301074
     3587.0000000000         2.8777819286
     3588.0000000000         2.7000338065
     3589.0000000000         2.9574732252
     3590.0000000000         3.5264303495
     3591.0000000000         3.8493183001
     3592.0000000000         4.0183946676
     3593.0000000000         3.7231566673
     3594.0000000000         3.8186155441
     3595.0000000000         4.0105206251
     3596.0000000000         3.9956585795
     3597.0000000000         3.9843293546
     3598.0000000000         4.1517343353
     3599.0000000000         3.9555139022
     3600.0000000000         3.7148307686
     3601.0000000000         3.7092344526
     3602.0000000000         3.7084622677
     3603.0000000000         3.5046938346
     3604.0000000000         3.3553124638
     3605.0000000000         3.1084617923
     3606.0000000000         2.8062257782
     3607.0000000000         2.2628467972
     3608.0000000000         2.0014635868
     3609.0000000000         2.1477196429
     3610.0000000000         2.8349771498
     3611.0000000000         3.3858226342
     3612.0000000000         3.4393387463
     3613.0000000000         3.2682094471
     3614.0000000000         2.5770052086
     3615.0000000000         2.4315661889
     3616.0000000000         2.1988198253
     3617.0000000000         1.9371342219
     3618.0000000000         2.2744331656
     3619.0000000000         3.2158015212
     3620.0000000000         3.9804293994
     3621.0000000000         4.7093156533
     3622.0000000000         4.3869189244
     3623.0000000000         3.6892744365
     3624.0000000000         3.3896573079
     3625.0000000000         3.2401087253
     3626.0000000000         3.4281515366
     3627.0000000000         3.7552243352
     3628.0000000000         4.0908261412
     3629.0000000000         4.2023650197
     3630.0000000000         4.3463146982
     3631.0000000000         3.9432893444
     3632.0000000000         3.1049635596
     3633.0000000000         3.3841094204
     3634.0000000000         3.1726838191
     3635.0000000000         2.3212139023
     3636.0000000000         2.3519008501
     3637.0000000000         3.0023599251
     3638.0000000000         3.8817226756
     3639.0000000000         4.0281671834
     3640.0000000000         3.8734824049
     3641.0000000000         3.5100099417
     3642.0000000000         3.1628179116
     3643.0000000000         2.8142181698
     3644.0000000000         2.9710178131
     3645.0000000000         2.9218859776
     3646.0000000000         3.1208259461
     3647.0000000000         3.6295122703
     3648.0000000000         3.3888498424
     3649.0000000000         3.0908057334
     3650.0000000000         3.0602672540
     3651.0000000000         2.8305696888
     3652.0000000000         2.3887440394
     3653.0000000000         2.0095381779
     3654.0000000000         1.5453054519
     3655.0000000000         1.4454337900
     3656.0000000000         1.0300413746
     3657.0000000000         0.5467784780
     3658.0000000000         0.8855686143
     3659.0000000000         1.6555930785
     3660.0000000000         1.8439181823
     3661.0000000000         1.5563483430
     3662.0000000000         1.6855766653
     3663.0000000000         2.7241419849
     3664.0000000000         3.4906713915
     3665.0000000000         3.3108688165
     3666.0000000000         3.2104273746
     3667.0000000000         3.1135291877
     3668.0000000000         2.9249405231
     3669.0000000000         2.8976425352
     3670.0000000000         3.0163881150
     3671.0000000000         2.8705240443
     3672.0000000000         2.7161368586
     3673.0000000000         2.7233646094
     3674.0000000000         2.7122748462
     3675.0000000000         2.8339018609
     3676.0000000000         2.5222600555
     3677.0000000000         2.2601457378
     3678.0000000000         1.7102835472
     3679.0000000000         1.3765227187
     3680.0000000000         1.6891012023
     3681.0000000000         2.1881690583
     3682.0000000000         1.8634848434
     3683.0000000000         0.9759295955
     3684.0000000000         0.7878434138
     3685.0000000000         3.7051612936
     3686.0000000000        15.5334824931
     3687.0000000000        28.8280723895
     3688.0000000000        30.3117644289
     3689.0000000000        22.2923563017
     3690.0000000000        14.5639530386
     3691.0000000000        10.3768078433
     3692.0000000000         7.8061801432
     3693.0000000000         6.1086953230
     3694.0000000000         5.2138596715
     3695.0000000000         4.3200612242
     3696.0000000000         3.8757518595
     3697.0000000000         3.6383496306
     3698.0000000000         3.5311729989
     3699.0000000000         3.6403376352
     3700.0000000000         3.8161231400
     3701.0000000000         3.6365586405
     3702.0000000000         3.5264526704
     3703.0000000000         3.6334371981
     3704.0000000000         3.5546620459
     3705.0000000000         3.2849079619
     3706.0000000000         3.4206576845
     3707.0000000000         3.5549536308
     3708.0000000000         3.5083305691
     3709.0000000000         3.5052841305
     3710.0000000000         3.5954801660
     3711.0000000000         3.6455132591
     3712.0000000000         3.8033437919
     3713.0000000000         3.8666838415
     3714.0000000000         3.6001988685
     3715.0000000000         3.8190460745
     3716.0000000000         3.5757591652
     3717.0000000000         3.3879336112
     3718.0000000000         3.5874592328
     3719.0000000000         3.5130352448
     3720.0000000000         3.4269296899
     3721.0000000000         3.4804674868
     3722.0000000000         3.4562583494
     3723.0000000000         3.4477421433
     3724.0000000000         3.4994553059
     3725.0000000000         3.4117460985
     3726.0000000000         3.5056687651
     3727.0000000000         3.3351695118
     3728.0000000000         3.1394238549
     3729.0000000000         3.2646313204
     3730.0000000000         3.3414613966
     3731.0000000000         3.1325201527
     3732.0000000000         3.3559578137
     3733.0000000000         3.4145246022
     3734.0000000000         3.4506367305
     3735.0000000000         3.9060892957
     3736.0000000000         3.7238098663
     3737.0000000000         3.3162121088
     3738.0000000000         3.3529863780
     3739.0000000000         3.3275334570
     3740.0000000000         3.4632556636
     3741.0000000000         3.7058009996
     3742.0000000000         3.7541366031
     3743.0000000000         3.7877726023
     3744.0000000000         3.6843489927
     3745.0000000000         3.6250948267
     3746.0000000000         3.2230176465
     3747.0000000000         3.4618709877
     3748.0000000000         3.7682563352
     3749.0000000000         3.3208736565
     3750.0000000000         3.3042248003
     3751.0000000000         3.5257773950
     3752.0000000000         3.8580777979
     3753.0000000000         3.5658009920
     3754.0000000000         3.3525945920
     3755.0000000000         3.3530806504
     3756.0000000000         3.8238495745
     3757.0000000000         3.5741013657
     3758.0000000000         3.4801891609
     3759.0000000000         3.5132727611
     3760.0000000000         3.6232004396
     3761.0000000000         3.8366105416
     3762.0000000000         3.9405551429
     3763.0000000000         3.6448587686
     3764.0000000000         3.7083724961
     3765.0000000000         4.1152718800
     3766.0000000000         4.0677206896
     3767.0000000000         3.8757028909
     3768.0000000000         4.0700720011
     3769.0000000000         4.0639812714
     3770.0000000000         4.1113738147
     3771.0000000000         4.2019452769
     3772.0000000000         4.4402676326
     3773.0000000000         4.5362996687
     3774.0000000000         4.3681994148
     3775.0000000000         4.3927729288
     3776.0000000000         4.3819482323
     3777.0000000000         4.1537529699
     3778.0000000000         4.3042510726
     3779.0000000000         4.1076628288
     3780.0000000000         3.5345897147
     3781.0000000000         3.4891372344
     3782.0000000000         3.2502695017
     3783.0000000000         3.5982912372
     3784.0000000000         3.6243186444
     3785.0000000000         4.0826836380
     3786.0000000000         4.1033906079
     3787.0000000000         4.0729641586
     3788.0000000000         4.0342899468
     3789.0000000000         3.7177609504
     3790.0000000000         3.6845971640
     3791.0000000000         3.9093101996
     3792.0000000000         4.0674056850
     3793.0000000000         4.1829708729
     3794.0000000000         4.2547285090
     3795.0000000000         4.0525878635
     3796.0000000000         4.2189787248
     3797.0000000000         4.0351772492
     3798.0000000000         3.9658865067
     3799.0000000000         3.8175835582
     3800.0000000000         3.7576145256
     3801.0000000000         3.9273933572
     3802.0000000000         3.9397536938
     3803.0000000000         4.0235982623
     3804.0000000000         4.1246282706
     3805.0000000000         4.0612539247
     3806.0000000000         3.9609945122
     3807.0000000000         4.0806873180
     3808.0000000000         3.9113763766
     3809.0000000000         4.0473735588
     3810.0000000000         4.0816853754
     3811.0000000000         4.0398666064
     3812.0000000000         3.7268034243
     3813.0000000000         3.6001362808
     3814.0000000000         3.6188634635
     3815.0000000000         3.4309718187
     3816.0000000000         3.1452626322
     3817.0000000000         2.9764513255
     3818.0000000000         2.8067557693
     3819.0000000000         2.3862049811
     3820.0000000000         1.9187157437
     3821.0000000000         2.0510454099
     3822.0000000000         2.9116813208
     3823.0000000000         3.6922731122
     3824.0000000000         3.9870314245
     3825.0000000000         4.0571090924
     3826.0000000000         3.9343480144
     3827.0000000000         3.8581455014
     3828.0000000000         3.9299142753
     3829.0000000000         3.6907744797
     3830.0000000000         4.0201273392
     3831.0000000000         4.1625027945
     3832.0000000000         4.0854450006
     3833.0000000000         4.4253317982
     3834.0000000000         4.5441010741
     3835.0000000000         4.6114634388
     3836.0000000000         4.6193817959
     3837.0000000000         4.2694066585
     3838.0000000000         3.9822319202
     3839.0000000000         4.1115788350
     3840.0000000000         4.0574764862
     3841.0000000000         4.0435650030
     3842.0000000000         3.9651166804
     3843.0000000000         4.2055689470
     3844.0000000000         4.0166743106
     3845.0000000000         4.0264788468
     3846.0000000000         3.9559289937
     3847.0000000000         3.8815164585
     3848.0000000000         3.8011373007
     3849.0000000000         3.9126401176
     3850.0000000000         4.1127534792
     3851.0000000000         3.8977555586
     3852.0000000000         3.8730163267
     3853.0000000000         3.8534151607
     3854.0000000000         3.9897893403
     3855.0000000000         4.0366207102
     3856.0000000000         3.9464701071
     3857.0000000000         4.0727257160
     3858.0000000000         4.1061077976
     3859.0000000000         3.9640776329
     3860.0000000000         3.8526805469
     3861.0000000000         3.8504195601
     3862.0000000000         3.7927359908
     3863.0000000000         3.9278056857
     3864.0000000000         3.8074676918
     3865.0000000000         3.9053143119
     3866.0000000000         3.8416889983
     3867.0000000000         3.7398273550
     3868.0000000000         3.9163394212
     3869.0000000000         4.0088779470
     3870.0000000000         3.9545647827
     3871.0000000000         3.6972550790
     3872.0000000000         3.6670150469
     3873.0000000000         3.7320968368
     3874.0000000000         3.7970431036
     3875.0000000000         4.0140248906
     3876.0000000000         3.8919242430
     3877.0000000000         3.9107409431
     3878.0000000000         3.8878047769
     3879.0000000000         3.8824669382
     3880.0000000000         3.7998304421
     3881.0000000000         3.9262977886
     3882.0000000000         3.7816328538
     3883.0000000000         3.8390977518
     3884.0000000000         4.0693850230
     3885.0000000000         4.1152166877
     3886.0000000000         4.0315122886
     3887.0000000000         3.9756237118
     3888.0000000000         4.0035552052
     3889.0000000000         3.8419244331
     3890.0000000000         3.9056457647
     3891.0000000000         3.8052178013
     3892.0000000000         3.8166804587
     3893.0000000000         3.7643985934
     3894.0000000000         3.9837081550
     3895.0000000000         3.8330705300
     3896.0000000000         3.8520167390
     3897.0000000000         3.8577054497
     3898.0000000000         3.7715090963
     3899.0000000000         3.6418250636
     3900.0000000000         3.5957364339
     3901.0000000000         3.6210016961
     3902.0000000000         3.7761244840
     3903.0000000000         3.6526895070
     3904.0000000000         3.6211587877
     3905.0000000000         3.8843782744
     3906.0000000000         4.0072926627
     3907.0000000000         3.9193635810
     3908.0000000000         3.8880021386
     3909.0000000000         3.9403605793
     3910.0000000000         4.1241619479
     3911.0000000000         3.8204695397
     3912.0000000000         3.8441982553
     3913.0000000000         4.0429498529
     3914.0000000000         3.8870312603
     3915.0000000000         3.6926876577
     3916.0000000000         3.8694110595
     3917.0000000000         3.7472408052
     3918.0000000000         3.9120435612
     3919.0000000000         4.0504516515
     3920.0000000000         3.8896858752
     3921.0000000000         3.8804462562
     3922.0000000000         3.8436631566
     3923.0000000000         3.6020217494
     3924.0000000000         3.4023952589
     3925.0000000000         3.2012872142
     3926.0000000000         3.4133528971
     3927.0000000000         3.5324755409
     3928.0000000000         3.5256815082
     3929.0000000000         3.4519487102
     3930.0000000000         3.1712954264
     3931.0000000000         2.9882044489
     3932.0000000000         3.0776438267
     3933.0000000000         3.1912077248
     3934.0000000000         3.1503433104
     3935.0000000000         3.2070028678
     3936.0000000000         3.1426813702
     3937.0000000000         2.9140120425
     3938.0000000000         2.8092635098
     3939.0000000000         2.9390313869
     3940.0000000000         3.2835272677
     3941.0000000000         3.2623902787
     3942.0000000000         3.1970451941
     3943.0000000000         2.9658693987
     3944.0000000000         2.6591590398
     3945.0000000000         2.7130425833
     3946.0000000000         2.5266848759
     3947.0000000000         2.6151247828
     3948.0000000000         2.6864254477
     3949.0000000000         3.0362802622
     3950.0000000000         2.9529218507
     3951.0000000000         2.7717443402
     3952.0000000000         2.6928385326
     3953.0000000000         2.6061200227
     3954.0000000000         2.6871183084
     3955.0000000000         3.4114381444
     3956.0000000000         4.1487194748
     3957.0000000000         4.0341712383
     3958.0000000000         4.0351947198
     3959.0000000000         3.8200425714
     3960.0000000000         3.9254879267
     3961.0000000000         3.9204004854
     3962.0000000000         3.8745997667
     3963.0000000000         3.9876340662
     3964.0000000000         3.9851960660
     3965.0000000000         3.8336705948
     3966.0000000000         3.9217288591
     3967.0000000000         3.9853220339
     3968.0000000000         4.0166641985
     3969.0000000000         4.1398285409
     3970.0000000000         3.9880738308
     3971.0000000000         3.9287545726
     3972.0000000000         3.8405842825
     3973.0000000000         3.8840399732
     3974.0000000000         3.8392459551
     3975.0000000000         3.9038026800
     3976.0000000000         3.9090111599
     3977.0000000000         3.8454156497
     3978.0000000000         3.7148236894
     3979.0000000000         3.4084537799
     3980.0000000000         3.1833283692
     3981.0000000000         3.3423282663
     3982.0000000000         3.6872694355
     3983.0000000000         3.7015569688
     3984.0000000000         3.8463136031
     3985.0000000000         3.9308397496
     3986.0000000000         3.7749120985
     3987.0000000000         3.5166826531
     3988.0000000000         3.4389743506
     3989.0000000000         3.6190668934
     3990.0000000000         3.7564854517
     3991.0000000000         3.7481899244
     3992.0000000000         3.7193921353
     3993.0000000000         3.7727973005
     3994.0000000000         3.6760489773
     3995.0000000000         3.7630544685
     3996.0000000000         3.7861578804
     3997.0000000000         3.7787292835
     3998.0000000000         3.7499106607
     3999.0000000000         3.7658262449
     4000.0000000000         3.9549764810
     4001.0000000000         3.8867832149
     4002.0000000000         3.8466504636
     4003.0000000000         3.8534835035
     4004.0000000000         3.9097186780
     4005.0000000000         3.8096688089
     4006.0000000000         3.6264357422
     4007.0000000000         3.7830648772
     4008.0000000000         3.9090410048
     4009.0000000000         3.8993662787
     4010.0000000000         3.8026229294
     4011.0000000000         3.9097505711
     4012.0000000000         3.6129657826
     4013.0000000000         3.4213184766
     4014.0000000000         3.3228022059
     4015.0000000000         3.3980620178
     4016.0000000000         3.6787082540
     4017.0000000000         3.7270309324
     4018.0000000000         3.8266404177
     4019.0000000000         3.9591732981
     4020.0000000000         3.7428078489
     4021.0000000000         3.9845078018
     4022.0000000000         3.9407159724
     4023.0000000000         3.8799966444
     4024.0000000000         3.6425068822
     4025.0000000000         3.5838843614
     4026.0000000000         3.5463301726
     4027.0000000000         3.4658606239
     4028.0000000000         3.5594941263
     4029.0000000000         3.5056723290
     4030.0000000000         3.6185248338
     4031.0000000000         3.6090167341
     4032.0000000000         3.5767303825
     4033.0000000000         3.3629741487
     4034.0000000000         3.3091983012
     4035.0000000000         3.2846882534
     4036.0000000000         3.5410189071
     4037.0000000000         3.5593912849
     4038.0000000000         3.4229290144
     4039.0000000000         3.3223219664
     4040.0000000000         2.8558105366
     4041.0000000000         2.5393739716
     4042.0000000000         2.6799824401
     4043.0000000000         2.4956245809
     4044.0000000000         2.0907152625
     4045.0000000000         1.7897669321
     4046.0000000000         1.9005446539
     4047.0000000000         2.5761322690
     4048.0000000000         3.4116438064
     4049.0000000000         3.7603339252
     4050.0000000000         3.9158851312
     4051.0000000000         4.1342066313
     4052.0000000000         4.0864402436
     4053.0000000000         3.9274690828
     4054.0000000000         3.6839573896
     4055.0000000000         3.8036846507
     4056.0000000000         3.9383900675
     4057.0000000000         3.6756928046
     4058.0000000000         3.5745175867
     4059.0000000000         3.7457967365
     4060.0000000000         3.7492901484
     4061.0000000000         3.9263463411
     4062.0000000000         3.8232472463
     4063.0000000000         3.9163837103
     4064.0000000000         3.7740017902
     4065.0000000000         3.9104369669
     4066.0000000000         3.8684064990
     4067.0000000000         3.7631383337
     4068.0000000000         3.5369102289
     4069.0000000000         3.5142032592
     4070.0000000000         3.5639866466
     4071.0000000000         3.4015204810
     4072.0000000000         3.4643125604
     4073.0000000000         3.2941450446
     4074.0000000000         3.2010511860
     4075.0000000000         3.3707414855
     4076.0000000000         3.6804996828
     4077.0000000000         3.9256595462
     4078.0000000000         3.8258204613
     4079.0000000000         3.6384815556
     4080.0000000000         3.6428439646
     4081.0000000000         3.8256367513
     4082.0000000000         3.7595049157
     4083.0000000000         3.7228071655
     4084.0000000000         3.7575275316
     4085.0000000000         3.6673996035
     4086.0000000000         3.7105521924
     4087.0000000000         3.7888080031
     4088.0000000000         3.7185737146
     4089.0000000000         3.7071845496
     4090.0000000000         3.6472230165
     4091.0000000000         3.8370368968
     4092.0000000000         3.5862483843
     4093.0000000000         3.6319705416
     4094.0000000000         3.5904489454
     4095.0000000000         3.6316220555
     4096.0000000000         3.6363365821
     4097.0000000000         3.7745032203
     4098.0000000000         3.6458128384
     4099.0000000000         3.7343682136
     4100.0000000000         3.7104643299
     4101.0000000000         3.7330882373
     4102.0000000000         3.5315151425
     4103.0000000000         3.6211333589
     4104.0000000000         3.6511085909
     4105.0000000000         3.6572100224
     4106.0000000000         3.6511418876
     4107.0000000000         3.7923998490
     4108.0000000000         3.7359496534
     4109.0000000000         3.7200819887
     4110.0000000000         3.5614943409
     4111.0000000000         3.6332332766
     4112.0000000000         3.7023242439
     4113.0000000000         3.7223613190
     4114.0000000000         3.6252681844
     4115.0000000000         3.7596818541
     4116.0000000000         3.8995257347
     4117.0000000000         3.7277020591
     4118.0000000000         3.6152553272
     4119.0000000000         3.6975918336
     4120.0000000000         3.6699513678
     4121.0000000000         3.6029236481
     4122.0000000000         3.7466370531
     4123.0000000000         3.7603862415
     4124.0000000000         3.8349743287
     4125.0000000000         3.7471268504
     4126.0000000000         3.6590637667
     4127.0000000000         3.5828042120
     4128.0000000000         3.6511696029
     4129.0000000000         3.6087773722
     4130.0000000000         3.6035335201
     4131.0000000000         3.5560865602
     4132.0000000000         3.6520942476
     4133.0000000000         3.4895825329
     4134.0000000000         3.4154056614
     4135.0000000000         3.5365283060
     4136.0000000000         3.6018921596
     4137.0000000000         3.7688151504
     4138.0000000000         3.4727433327
     4139.0000000000         3.6048594850
     4140.0000000000         3.6001393961
     4141.0000000000         3.6743695345
     4142.0000000000         3.7052612383
     4143.0000000000         3.6559815140
     4144.0000000000         3.6162282395
     4145.0000000000         3.5859130179
     4146.0000000000         3.7104263532
     4147.0000000000         3.6227264992
     4148.0000000000         3.6374160900
     4149.0000000000         3.6883431535
     4150.0000000000         3.6145046572
     4151.0000000000         3.5013400448
     4152.0000000000         3.5211412962
     4153.0000000000         3.5525958441
     4154.0000000000         3.5545318720
     4155.0000000000         3.6773562990
     4156.0000000000         3.7051322895
     4157.0000000000         3.6462119042
     4158.0000000000         3.6694491607
     4159.0000000000         3.6576572818
     4160.0000000000         3.6839079306
     4161.0000000000         3.8743794166
     4162.0000000000         3.7410618889
     4163.0000000000         3.5088848746
     4164.0000000000         3.2828599061
     4165.0000000000         3.3144932576
     4166.0000000000         3.4718263655
     4167.0000000000         3.5280383601
     4168.0000000000         3.6696478567
     4169.0000000000         3.7740815608
     4170.0000000000         3.6851091443
     4171.0000000000         3.6956735374
     4172.0000000000         3.7072747718
     4173.0000000000         3.6028436624
     4174.0000000000         3.5734620760
     4175.0000000000         3.3984215058
     4176.0000000000         3.4117792405
     4177.0000000000         3.4944769682
     4178.0000000000         3.6194971133
     4179.0000000000         3.7182839228
     4180.0000000000         3.5414881570
     4181.0000000000         3.4482281589
     4182.0000000000         3.6478372804
     4183.0000000000         3.6000213440
     4184.0000000000         3.4864487757
     4185.0000000000         3.5552494951
     4186.0000000000         3.6537992478
     4187.0000000000         3.6091972703
     4188.0000000000         3.4878328756
     4189.0000000000         3.6488890973
     4190.0000000000         3.6536445422
     4191.0000000000         3.3186664810
     4192.0000000000         3.5079850426
     4193.0000000000         3.4824172653
     4194.0000000000         3.6438831983
     4195.0000000000         3.6602590054
     4196.0000000000         3.4613745263
     4197.0000000000         3.3572157963
     4198.0000000000         3.3628221777
     4199.0000000000         3.4276413019
     4200.0000000000         3.4931001096
     4201.0000000000         3.6002378312
     4202.0000000000         3.4794323427
     4203.0000000000         3.4080294654
     4204.0000000000         3.4426097526
     4205.0000000000         3.3032749769
     4206.0000000000         3.3941030769
     4207.0000000000         3.4003374611
     4208.0000000000         3.3413268576
     4209.0000000000         3.3813770555
     4210.0000000000         3.4383373834
     4211.0000000000         3.3400399151
     4212.0000000000         3.3902329600
     4213.0000000000         3.3666146240
     4214.0000000000         3.3927262416
     4215.0000000000         3.2742700170
     4216.0000000000         3.1600395219
     4217.0000000000         3.1181421279
     4218.0000000000         2.9417256430
     4219.0000000000         2.6604601314
     4220.0000000000         2.5643775990
     4221.0000000000         2.3223794553
     4222.0000000000         1.9521483674
     4223.0000000000         1.4141557331
     4224.0000000000         0.9885242189
     4225.0000000000         0.9143769599
     4226.0000000000         1.5998450304
     4227.0000000000         2.3939929630
     4228.0000000000         2.6901389660
     4229.0000000000         3.0366766332
     4230.0000000000         3.2221460767
     4231.0000000000         3.2569574411
     4232.0000000000         3.3622135210
     4233.0000000000         3.3179532081
     4234.0000000000         3.3043552023
     4235.0000000000         3.3969714876
     4236.0000000000         3.4533463487
     4237.0000000000         3.3431314538
     4238.0000000000         3.1963464155
     4239.0000000000         3.1749679507
     4240.0000000000         3.2071453056
     4241.0000000000         3.2368545755
     4242.0000000000         3.2855020646
     4243.0000000000         3.1528291177
     4244.0000000000         3.1208610129
     4245.0000000000         3.0729987618
     4246.0000000000         3.0753038088
     4247.0000000000         2.7917702459
     4248.0000000000         2.5622390825
     4249.0000000000         2.4449531049
     4250.0000000000         2.0968667855
     4251.0000000000         1.4913023503
     4252.0000000000         1.2601429355
     4253.0000000000         1.7509551761
     4254.0000000000         2.5515924296
     4255.0000000000         2.9427116228
     4256.0000000000         3.3293623165
     4257.0000000000         3.4450197800
     4258.0000000000         3.4212966673
     4259.0000000000         3.5225904416
     4260.0000000000         3.5724351574
     4261.0000000000         3.4639841072
     4262.0000000000         3.3949827234
     4263.0000000000         3.3799190079
     4264.0000000000         3.4204285179
     4265.0000000000         3.4972295869
     4266.0000000000         3.4526224190
     4267.0000000000         3.4934120684
     4268.0000000000         3.5154481822
     4269.0000000000         3.4089830147
     4270.0000000000         3.4267002901
     4271.0000000000         3.3474127409
     4272.0000000000         3.2346063577
     4273.0000000000         3.1957184122
     4274.0000000000         3.3492651301
     4275.0000000000         3.2393487862
     4276.0000000000         3.3720091093
     4277.0000000000         3.5274237923
     4278.0000000000         3.4860655618
     4279.0000000000         3.5251214463
     4280.0000000000         3.5348555675
     4281.0000000000         3.5457612862
     4282.0000000000         3.6003099873
     4283.0000000000         3.5276341636
     4284.0000000000         3.4851605913
     4285.0000000000         3.6076226495
     4286.0000000000         3.4975065894
     4287.0000000000         3.3924149318
     4288.0000000000         3.4775044645
     4289.0000000000         3.4842696872
     4290.0000000000         3.4390671946
     4291.0000000000         3.4063131000
     4292.0000000000         3.3256573145
     4293.0000000000         3.2235551161
     4294.0000000000         3.0945799524
     4295.0000000000         3.0294327036
     4296.0000000000         2.9562365740
     4297.0000000000         3.0719350638
     4298.0000000000         3.2125394375
     4299.0000000000         3.3167681347
     4300.0000000000         3.2545339658
     4301.0000000000         3.2599282045
     4302.0000000000         3.3394780327
     4303.0000000000         3.2373407461
     4304.0000000000         3.1715468536
     4305.0000000000         3.3148277518
     4306.0000000000         3.2371063852
     4307.0000000000         3.2036018977
     4308.0000000000         3.3176350184
     4309.0000000000         3.3291518131
     4310.0000000000         3.3813593087
     4311.0000000000         3.4679961461
     4312.0000000000         3.4165204100
     4313.0000000000         3.3927221477
     4314.0000000000         3.4120606936
     4315.0000000000         3.4365305103
     4316.0000000000         3.3969562315
     4317.0000000000         3.5812574485
     4318.0000000000         3.4998576264
     4319.0000000000         3.5401130936
     4320.0000000000         3.5974195782
     4321.0000000000         3.5312660635
     4322.0000000000         3.4242341191
     4323.0000000000         3.3237519145
     4324.0000000000         3.2705011180
     4325.0000000000         3.0778653107
     4326.0000000000         3.0622654670
     4327.0000000000         3.2337634306
     4328.0000000000         3.2180084000
     4329.0000000000         3.1691782594
     4330.0000000000         3.1944354026
     4331.0000000000         3.2579614847
     4332.0000000000         3.2760904225
     4333.0000000000         3.3974148434
     4334.0000000000         3.2922859755
     4335.0000000000         3.2468822445
     4336.0000000000         3.2821165570
     4337.0000000000         3.2840971864
     4338.0000000000         3.2858708660
     4339.0000000000         3.1634082147
     4340.0000000000         3.2735335810
     4341.0000000000         3.2693878067
     4342.0000000000         3.3078062321
     4343.0000000000         3.4158419605
     4344.0000000000         3.4543801793
     4345.0000000000         3.3757904254
     4346.0000000000         3.3507669297
     4347.0000000000         3.4707918334
     4348.0000000000         3.4311771072
     4349.0000000000         3.4025023919
     4350.0000000000         3.2823680072
     4351.0000000000         3.3544947931
     4352.0000000000         3.3101266968
     4353.0000000000         3.1923987246
     4354.0000000000         3.2314570015
     4355.0000000000         3.3591339838
     4356.0000000000         3.3288403936
     4357.0000000000         3.4331979625
     4358.0000000000         3.5984323091
     4359.0000000000         3.4279687146
     4360.0000000000         3.4043697148
     4361.0000000000         3.3581264914
     4362.0000000000         3.5000654854
     4363.0000000000         3.4777990240
     4364.0000000000         3.3658451793
     4365.0000000000         3.4331205421
     4366.0000000000         3.3007324503
     4367.0000000000         3.2820846607
     4368.0000000000         3.3649164593
     4369.0000000000         3.3391933628
     4370.0000000000         3.4819153015
     4371.0000000000         3.3651834751
     4372.0000000000         3.3609748775
     4373.0000000000         3.3323246485
     4374.0000000000         3.5852114809
     4375.0000000000         3.5437106134
     4376.0000000000         3.5705032592
     4377.0000000000         3.5499824229
     4378.0000000000         3.5371004594
     4379.0000000000         3.4331391527
     4380.0000000000         3.3408595120
     4381.0000000000         3.4879489074
     4382.0000000000         3.6146915076
     4383.0000000000         3.6109422101
     4384.0000000000         3.4317016552
     4385.0000000000         3.3180589146
     4386.0000000000         3.2597277129
     4387.0000000000         3.3246503891
     4388.0000000000         3.4693722938
     4389.0000000000         3.4425984912
     4390.0000000000         3.4399346213
     4391.0000000000         3.3118621328
     4392.0000000000         3.4253813694
     4393.0000000000         3.5775173040
     4394.0000000000         3.5888306965
     4395.0000000000         3.4745069887
     4396.0000000000         3.3450494606
     4397.0000000000         3.3841567954
     4398.0000000000         3.5351330165
     4399.0000000000         3.3137371405
     4400.0000000000         3.3453054544
     4401.0000000000         3.3791407130
     4402.0000000000         3.2828931215
     4403.0000000000         3.3445814109
     4404.0000000000         3.5308827389
     4405.0000000000         3.5128078497
     4406.0000000000         3.4232984256
     4407.0000000000         3.4083311611
     4408.0000000000         3.3800507141
     4409.0000000000         3.3472124604
     4410.0000000000         3.3469553060
     4411.0000000000         3.2629209296
     4412.0000000000         3.3920612153
     4413.0000000000         3.4047056913
     4414.0000000000         3.4068664449
     4415.0000000000         3.3763476367
     4416.0000000000         3.4322870153
     4417.0000000000         3.4802127488
     4418.0000000000         3.2966239394
     4419.0000000000         3.4081527268
     4420.0000000000         3.4775654252
     4421.0000000000         3.6285717235
     4422.0000000000         3.5721646050
     4423.0000000000         3.4587234992
     4424.0000000000         3.3786797755
     4425.0000000000         3.4168807000
     4426.0000000000         3.4102553172
     4427.0000000000         3.4044171867
     4428.0000000000         3.4039715512
     4429.0000000000         3.4184546420
     4430.0000000000         3.3278449658
     4431.0000000000         3.3490077991
     4432.0000000000         3.2917941600
     4433.0000000000         3.3996022575
     4434.0000000000         3.5037159290
     4435.0000000000         3.3918442499
     4436.0000000000         3.3729671202
     4437.0000000000         3.4924095701
     4438.0000000000         3.6021780086
     4439.0000000000         3.5579077755
     4440.0000000000         3.4514985448
     4441.0000000000         3.3222945639
     4442.0000000000         3.2503620955
     4443.0000000000         3.3087001934
     4444.0000000000         3.2070641766
     4445.0000000000         3.1896845919
     4446.0000000000         3.2604110475
     4447.0000000000         3.1815139924
     4448.0000000000         3.1885891613
     4449.0000000000         3.2139318291
     4450.0000000000         3.1272436182
     4451.0000000000         3.1581693044
     4452.0000000000         3.4041215781
     4453.0000000000         3.4525345510
     4454.0000000000         3.2852541079
     4455.0000000000         3.3158760832
     4456.0000000000         3.2654631969
     4457.0000000000         3.2877365512
     4458.0000000000         3.3128144533
     4459.0000000000         3.3638819402
     4460.0000000000         3.3780709999
     4461.0000000000         3.3835189361
     4462.0000000000         3.4307426109
     4463.0000000000         3.3181314575
     4464.0000000000         3.3863825996
     4465.0000000000         3.3375447380
     4466.0000000000         3.2331140129
     4467.0000000000         3.3249093059
     4468.0000000000         3.5456001735
     4469.0000000000         3.4820584979
     4470.0000000000         3.4983779815
     4471.0000000000         3.4609704421
     4472.0000000000         3.2213541185
     4473.0000000000         3.2755925579
     4474.0000000000         3.1517782940
     4475.0000000000         3.1930504356
     4476.0000000000         3.2705345621
     4477.0000000000         3.1939430470
     4478.0000000000         3.2240479999
     4479.0000000000         3.1272817140
     4480.0000000000         3.2243716100
     4481.0000000000         3.2564750027
     4482.0000000000         3.1963452627
     4483.0000000000         3.3077380419
     4484.0000000000         3.3746671983
     4485.0000000000         3.3643766892
     4486.0000000000         3.3430996166
     4487.0000000000         3.4438947083
     4488.0000000000         3.3574693325
     4489.0000000000         3.2861397690
     4490.0000000000         3.2459546585
     4491.0000000000         3.2259093631
     4492.0000000000         3.3118565444
     4493.0000000000         3.5106377496
     4494.0000000000         3.2309303460
     4495.0000000000         3.2045346483
     4496.0000000000         3.1364937650
     4497.0000000000         3.2376075132
     4498.0000000000         3.2985846305
     4499.0000000000         3.3281937121
     4500.0000000000         3.1993195922
     4501.0000000000         3.0261860413
     4502.0000000000         3.2052218680
     4503.0000000000         3.1474357462
     4504.0000000000         3.1861095795
     4505.0000000000         3.2157712693
     4506.0000000000         3.1907764651
     4507.0000000000         3.3791082040
     4508.0000000000         3.4554510408
     4509.0000000000         3.2655225917
     4510.0000000000         3.3922266203
     4511.0000000000         3.4095090139
     4512.0000000000         3.5852598960
     4513.0000000000         3.4821102244
     4514.0000000000         3.4108747449
     4515.0000000000         3.3898060838
     4516.0000000000         3.3145915258
     4517.0000000000         3.2742157737
     4518.0000000000         3.4153681487
     4519.0000000000         3.2728793266
     4520.0000000000         3.2797616198
     4521.0000000000         3.4067163923
     4522.0000000000         3.3443824924
     4523.0000000000         3.4232172369
     4524.0000000000         3.2911195128
     4525.0000000000         3.3373829138
     4526.0000000000         3.1903484150
     4527.0000000000         3.0789246358
     4528.0000000000         3.1412504471
     4529.0000000000         3.1962646294
     4530.0000000000         3.0452042943
     4531.0000000000         3.2521482997
     4532.0000000000         3.2045061995
     4533.0000000000         3.2203274590
     4534.0000000000         3.3411055915
     4535.0000000000         3.2536314216
     4536.0000000000         3.1839735476
     4537.0000000000         3.2637768089
     4538.0000000000         3.3943392469
     4539.0000000000         3.2230579565
     4540.0000000000         3.2026387459
     4541.0000000000         3.1725395862
     4542.0000000000         3.1309830122
     4543.0000000000         3.0657068256
     4544.0000000000         3.0833031698
     4545.0000000000         2.9790803375
     4546.0000000000         3.0788220046
     4547.0000000000         3.0364783536
     4548.0000000000         2.9620482702
     4549.0000000000         2.9523525445
     4550.0000000000         2.8722659912
     4551.0000000000         2.7834632267
     4552.0000000000         2.7265200267
     4553.0000000000         2.8094400748
     4554.0000000000         2.9410601734
     4555.0000000000         3.0232512593
     4556.0000000000         3.0684875898
     4557.0000000000         3.0282489401
     4558.0000000000         3.1072959395
     4559.0000000000         3.1670762036
     4560.0000000000         3.2036109012
     4561.0000000000         3.1415570770
     4562.0000000000         3.0046591079
     4563.0000000000         3.0746491144
     4564.0000000000         3.2235855607
     4565.0000000000         3.2601494727
     4566.0000000000         3.1760176431
     4567.0000000000         3.2344069296
     4568.0000000000         3.2490169527
     4569.0000000000         3.3024028731
     4570.0000000000         3.3257091042
     4571.0000000000         3.2921145123
     4572.0000000000         3.2470138404
     4573.0000000000         3.3133253117
     4574.0000000000         3.2359209708
     4575.0000000000         3.1530792619
     4576.0000000000         3.1519300182
     4577.0000000000         3.2105201280
     4578.0000000000         3.2659896760
     4579.0000000000         3.2463093537
     4580.0000000000         3.2033998692
     4581.0000000000         3.0738772592
     4582.0000000000         3.0363042070
     4583.0000000000         3.0362152594
     4584.0000000000         3.1252311451
     4585.0000000000         2.9400767370
     4586.0000000000         3.0210196119
     4587.0000000000         2.8670589052
     4588.0000000000         2.9678511693
     4589.0000000000         2.9704608643
     4590.0000000000         3.1125317383
     4591.0000000000         3.1833824098
     4592.0000000000         3.1377346109
     4593.0000000000         2.9575120473
     4594.0000000000         3.0155335713
     4595.0000000000         2.9598820436
     4596.0000000000         2.9014553250
     4597.0000000000         2.9042291952
     4598.0000000000         2.8269269455
     4599.0000000000         2.9579758120
     4600.0000000000         3.1246952761
     4601.0000000000         2.9693356845
     4602.0000000000         3.1094677562
     4603.0000000000         3.0549385838
     4604.0000000000         3.1214956661
     4605.0000000000         3.1736406162
     4606.0000000000         3.0451226993
     4607.0000000000         2.9746776379
     4608.0000000000         2.9775299615
     4609.0000000000         3.1397730728
     4610.0000000000         3.2530080392
     4611.0000000000         3.1299369602
     4612.0000000000         3.3474104265
     4613.0000000000         3.1620752485
     4614.0000000000         3.1559679598
     4615.0000000000         3.1934744455
     4616.0000000000         3.1854739410
     4617.0000000000         3.2316710298
     4618.0000000000         3.2513171779
     4619.0000000000         3.0600477754
     4620.0000000000         2.8641846005
     4621.0000000000         2.7425970257
     4622.0000000000         2.4755541786
     4623.0000000000         2.3409126840
     4624.0000000000         2.3932193474
     4625.0000000000         2.2179368219
     4626.0000000000         2.0126227927
     4627.0000000000         1.8216216962
     4628.0000000000         1.7995187040
     4629.0000000000         2.1026202068
     4630.0000000000         2.6282520579
     4631.0000000000         2.8830902248
     4632.0000000000         2.9348031002
     4633.0000000000         3.0332272306
     4634.0000000000         3.0385099090
     4635.0000000000         3.0545079518
     4636.0000000000         3.0658775760
     4637.0000000000         2.9677253138
     4638.0000000000         2.8990404476
     4639.0000000000         2.9822245982
     4640.0000000000         2.9224147278
     4641.0000000000         2.6543142274
     4642.0000000000         2.8309341177
     4643.0000000000         2.7530093396
     4644.0000000000         2.6563684773
     4645.0000000000         2.6794620243
     4646.0000000000         2.9009242137
     4647.0000000000         3.1398364945
     4648.0000000000         3.3821839461
     4649.0000000000         3.4609696207
     4650.0000000000         3.2650658633
     4651.0000000000         3.0810810323
     4652.0000000000         2.7678250557
     4653.0000000000         2.8393039140
     4654.0000000000         2.8425935855
     4655.0000000000         2.7298888547
     4656.0000000000         2.6782332678
     4657.0000000000         2.7178475695
     4658.0000000000         2.7185280679
     4659.0000000000         2.7159447565
     4660.0000000000         2.7369064845
     4661.0000000000         2.6503408343
     4662.0000000000         2.5115280914
     4663.0000000000         2.5581831063
     4664.0000000000         2.5651799739
     4665.0000000000         2.5836524349
     4666.0000000000         2.5108439790
     4667.0000000000         2.5083804401
     4668.0000000000         2.4916000606
     4669.0000000000         2.5345862067
     4670.0000000000         2.5605405337
     4671.0000000000         2.5923857801
     4672.0000000000         2.6818674678
     4673.0000000000         2.6049680884
     4674.0000000000         2.6316644398
     4675.0000000000         2.5530638971
     4676.0000000000         2.3419995150
     4677.0000000000         2.4129844540
     4678.0000000000         2.4667775074
     4679.0000000000         2.4134774595
     4680.0000000000         2.3119118698
     4681.0000000000         2.3598962719
     4682.0000000000         2.3893198739
     4683.0000000000         2.3156193368
     4684.0000000000         2.0454840379
     4685.0000000000         2.1646389997
     4686.0000000000         2.1894915458
     4687.0000000000         1.7719773360
     4688.0000000000         1.5407720287
     4689.0000000000         1.4298581268
     4690.0000000000         1.2931925433
     4691.0000000000         0.9930157185
     4692.0000000000         0.6837558640
     4693.0000000000         0.6790832162
     4694.0000000000         1.2610752000
     4695.0000000000         1.9133940519
     4696.0000000000         2.2037017190
     4697.0000000000         2.1129917933
     4698.0000000000         1.6914178524
     4699.0000000000         1.3237862588
     4700.0000000000         1.0320291817
     4701.0000000000         1.2046827138
     4702.0000000000         2.0947351365
     4703.0000000000         2.8342353552
     4704.0000000000         3.1928286570
     4705.0000000000         3.0927682510
     4706.0000000000         3.0335942709
     4707.0000000000         3.0546929519
     4708.0000000000         2.8393186035
     4709.0000000000         2.9648951497
     4710.0000000000         3.0121628009
     4711.0000000000         3.0331247189
     4712.0000000000         3.1189755625
     4713.0000000000         2.9649636478
     4714.0000000000         2.8790209562
     4715.0000000000         2.9669877368
     4716.0000000000         2.9133167748
     4717.0000000000         2.8767438563
     4718.0000000000         2.7325888704
     4719.0000000000         2.7995332060
     4720.0000000000         2.9070674016
     4721.0000000000         2.8242305890
     4722.0000000000         2.8221746484
     4723.0000000000         2.8514804819
     4724.0000000000         2.8361009156
     4725.0000000000         3.0023470197
     4726.0000000000         2.8747483919
     4727.0000000000         2.6925165256
     4728.0000000000         2.6213292890
     4729.0000000000         2.6197176851
     4730.0000000000         2.6525980558
     4731.0000000000         2.7164354441
     4732.0000000000         2.7062723476
     4733.0000000000         2.5945878020
     4734.0000000000         2.6966704893
     4735.0000000000         2.6355880139
     4736.0000000000         2.5689012773
     4737.0000000000         2.5278178462
     4738.0000000000         2.5918399971
     4739.0000000000         2.6188623253
     4740.0000000000         2.5583636967
     4741.0000000000         2.5534569412
     4742.0000000000         2.5674781572
     4743.0000000000         2.6877551448
     4744.0000000000         2.7058086280
     4745.0000000000         2.6729661288
     4746.0000000000         2.5445007390
     4747.0000000000         2.6097644075
     4748.0000000000         2.7020111460
     4749.0000000000         2.6225117864
     4750.0000000000         2.6472659922
     4751.0000000000         2.7131907545
     4752.0000000000         2.7512221296
     4753.0000000000         2.6336626089
     4754.0000000000         2.6302635396
     4755.0000000000         2.6729022405
     4756.0000000000         2.6217334691
     4757.0000000000         2.6043826098
     4758.0000000000         2.5922128713
     4759.0000000000         2.7001916075
     4760.0000000000         2.7744339447
     4761.0000000000         2.6544858978
     4762.0000000000         2.7334641188
     4763.0000000000         2.7478725944
     4764.0000000000         2.7116059032
     4765.0000000000         2.7413652618
     4766.0000000000         2.8291248919
     4767.0000000000         2.7565226109
     4768.0000000000         2.6337721156
     4769.0000000000         2.6570714238
     4770.0000000000         2.8270970670
     4771.0000000000         2.7825471386
     4772.0000000000         2.7148913746
     4773.0000000000         2.7043763312
     4774.0000000000         2.6388980778
     4775.0000000000         2.5280490729
     4776.0000000000         2.6381057901
     4777.0000000000         2.7067150319
     4778.0000000000         2.6166723548
     4779.0000000000         2.7188821801
     4780.0000000000         2.7958019492
     4781.0000000000         2.6686955619
     4782.0000000000         2.6213707451
     4783.0000000000         2.5786681071
     4784.0000000000         2.5525966297
     4785.0000000000         2.7420322703
     4786.0000000000         2.6712489509
     4787.0000000000         2.5651087608
     4788.0000000000         2.7131369610
     4789.0000000000         2.6428537276
     4790.0000000000         2.5954439775
     4791.0000000000         2.5653413261
     4792.0000000000         2.5933511451
     4793.0000000000         2.5614921303
     4794.0000000000         2.6669983919
     4795.0000000000         2.6401860278
     4796.0000000000         2.7948059719
     4797.0000000000         2.7966492434
     4798.0000000000         2.7353814993
     4799.0000000000         2.7324456923
     4800.0000000000         2.7029201679
     4801.0000000000         2.7188967755
     4802.0000000000         2.8742094643
     4803.0000000000         2.7449741562
     4804.0000000000         2.7584858020
     4805.0000000000         2.7335413940
     4806.0000000000         2.6901662803
     4807.0000000000         2.7001868486
     4808.0000000000         2.7150600464
     4809.0000000000         2.8033969725
     4810.0000000000         2.7942836371
     4811.0000000000         2.8149415217
     4812.0000000000         2.7830901917
     4813.0000000000         2.7233385095
     4814.0000000000         2.7770802498
     4815.0000000000         2.7291974517
     4816.0000000000         2.7340864233
     4817.0000000000         2.7635736734
     4818.0000000000         2.9792049773
     4819.0000000000         3.0036121151
     4820.0000000000         2.9072730530
     4821.0000000000         2.7319224437
     4822.0000000000         2.8563992064
     4823.0000000000         2.7243903786
     4824.0000000000         2.6267872647
     4825.0000000000         2.6605874254
     4826.0000000000         2.6401557160
     4827.0000000000         2.6284870907
     4828.0000000000         2.6305200316
     4829.0000000000         2.7029118830
     4830.0000000000         2.6780090934
     4831.0000000000         2.5704995153
     4832.0000000000         2.5384055291
     4833.0000000000         2.7241428838
     4834.0000000000         2.6822518349
     4835.0000000000         2.5692074287
     4836.0000000000         2.5234356040
     4837.0000000000         2.5133575764
     4838.0000000000         2.5499700690
     4839.0000000000         2.6749649327
     4840.0000000000         2.6220845009
     4841.0000000000         2.5348005407
     4842.0000000000         2.6506951094
     4843.0000000000         2.6769649107
     4844.0000000000         2.6554175648
     4845.0000000000         2.5098439393
     4846.0000000000         2.5111729713
     4847.0000000000         2.7107177791
     4848.0000000000         2.7243657287
     4849.0000000000         2.7020916137
     4850.0000000000         2.7079387542
     4851.0000000000         2.4977978631
     4852.0000000000         2.4106687005
     4853.0000000000         2.3908518516
     4854.0000000000         2.3207544862
     4855.0000000000         2.3814004445
     4856.0000000000         2.3457593267
     4857.0000000000         2.4059125958
     4858.0000000000         2.5797689566
     4859.0000000000         2.5903872132
     4860.0000000000         2.4487480834
     4861.0000000000         2.6075029158
     4862.0000000000         2.6777812951
     4863.0000000000         2.7292294039
     4864.0000000000         2.5330079638
     4865.0000000000         2.4897012881
     4866.0000000000         2.4794350705
     4867.0000000000         2.5287683475
     4868.0000000000         2.3591558398
     4869.0000000000         2.3708676825
     4870.0000000000         2.5668297016
     4871.0000000000         2.5235864986
     4872.0000000000         2.4953499842
     4873.0000000000         2.3696638881
     4874.0000000000         2.3022554112
     4875.0000000000         2.2516433922
     4876.0000000000         2.1835953333
     4877.0000000000         2.2698967981
     4878.0000000000         2.4702911283
     4879.0000000000         2.5159903920
     4880.0000000000         2.4488391695
     4881.0000000000         2.5510828308
     4882.0000000000         2.5071714917
     4883.0000000000         2.3412034397
     4884.0000000000         2.3903601280
     4885.0000000000         2.3247891447
     4886.0000000000         2.2772659718
     4887.0000000000         2.3348442184
     4888.0000000000         2.4018805393
     4889.0000000000         2.6224021934
     4890.0000000000         2.5776904395
     4891.0000000000         2.6178495035
     4892.0000000000         2.5918247474
     4893.0000000000         2.5633334334
     4894.0000000000         2.6204758230
     4895.0000000000         2.6590783773
     4896.0000000000         2.6519015803
     4897.0000000000         2.6653673744
     4898.0000000000         2.6540630005
     4899.0000000000         2.6738106596
     4900.0000000000         2.7422679921
     4901.0000000000         2.6408697789
     4902.0000000000         2.5950313836
     4903.0000000000         2.5263462549
     4904.0000000000         2.5873761137
     4905.0000000000         2.7262758712
     4906.0000000000         2.7932950359
     4907.0000000000         2.7375743431
     4908.0000000000         2.6969503193
     4909.0000000000         2.4915840086
     4910.0000000000         2.5852982257
     4911.0000000000         2.5248453066
     4912.0000000000         2.3397389808
     4913.0000000000         2.3101603501
     4914.0000000000         2.3319064508
     4915.0000000000         2.2272728340
     4916.0000000000         2.2597141272
     4917.0000000000         2.4826294281
     4918.0000000000         2.4768448585
     4919.0000000000         2.5537403592
     4920.0000000000         2.4698845038
     4921.0000000000         2.4726951540
     4922.0000000000         2.4368850858
     4923.0000000000         2.3868523874
     4924.0000000000         2.5365536849
     4925.0000000000         2.5856220594
     4926.0000000000         2.6060822188
     4927.0000000000         2.6355553323
     4928.0000000000         2.7451569000
     4929.0000000000         2.6098896925
     4930.0000000000         2.6072498980
     4931.0000000000         2.4812013804
     4932.0000000000         2.4780862451
     4933.0000000000         2.5735510405
     4934.0000000000         2.6268513031
     4935.0000000000         2.5128249474
     4936.0000000000         2.4932822550
     4937.0000000000         2.5230348635
     4938.0000000000         2.4957722086
     4939.0000000000         2.4152872911
     4940.0000000000         2.4557633876
     4941.0000000000         2.4937571132
     4942.0000000000         2.3880519883
     4943.0000000000         2.4489811413
     4944.0000000000         2.3882797941
     4945.0000000000         2.4427024217
     4946.0000000000         2.3470028862
     4947.0000000000         2.4295785941
     4948.0000000000         2.4266859862
     4949.0000000000         2.3574161454
     4950.0000000000         2.5127678855
     4951.0000000000         2.5790374917
     4952.0000000000         2.5403980306
     4953.0000000000         2.6181526069
     4954.0000000000         2.6275495962
     4955.0000000000         2.6925623859
     4956.0000000000         2.6910477690
     4957.0000000000         2.6153620789
     4958.0000000000         2.6040061925
     4959.0000000000         2.6826980734
     4960.0000000000         2.8318405526
     4961.0000000000         2.8400470180
     4962.0000000000         2.8344990788
     4963.0000000000         2.7184467387
     4964.0000000000         2.7288272051
     4965.0000000000         2.6988902791
     4966.0000000000         2.7309414047
     4967.0000000000         2.7449991642
     4968.0000000000         2.6414832609
     4969.0000000000         2.7364690432
     4970.0000000000         2.7335634487
     4971.0000000000         2.6917080115
     4972.0000000000         2.7595862210
     4973.0000000000         2.6870481270
     4974.0000000000         2.6392290052
     4975.0000000000         2.6579210867
     4976.0000000000         2.6452836772
     4977.0000000000         2.6133676271
     4978.0000000000         2.6384009683
     4979.0000000000         2.6614423886
     4980.0000000000         2.6812776852
     4981.0000000000         2.8134682128
     4982.0000000000         2.8533447669
     4983.0000000000         2.8020099849
     4984.0000000000         2.7389796142
     4985.0000000000         2.7056709749
     4986.0000000000         2.6305426953
     4987.0000000000         2.7187148196
     4988.0000000000         2.8214743612
     4989.0000000000         2.7444851468
     4990.0000000000         2.7544304624
     4991.0000000000         2.7738298404
     4992.0000000000         2.6807786596
     4993.0000000000         2.5534897281
     4994.0000000000         2.6910479250
     4995.0000000000         2.7038857435
     4996.0000000000         2.7243932027
     4997.0000000000         2.7373624090
     4998.0000000000         2.6569874813
     4999.0000000000         2.8448453242
     5000.0000000000         2.8006566733
     5001.0000000000         2.6433689138
     5002.0000000000         2.6523290584
     5003.0000000000         2.6077999158
     5004.0000000000         2.7075433801
     5005.0000000000         2.7092615111
     5006.0000000000         2.6305530212
     5007.0000000000         2.6506548759
     5008.0000000000         2.6801043802
     5009.0000000000         2.5052106633
     5010.0000000000         2.5165756441
     5011.0000000000         2.4850681886
     5012.0000000000         2.4481925675
     5013.0000000000         2.4572969809
     5014.0000000000         2.5848767495
     5015.0000000000         2.6419866911
     5016.0000000000         2.7583861254
     5017.0000000000         2.6355637033
     5018.0000000000         2.6556955116
     5019.0000000000         2.6247615123
     5020.0000000000         2.4907330301
     5021.0000000000         2.4541289531
     5022.0000000000         2.3370629491
     5023.0000000000         2.3799896254
     5024.0000000000         2.4435866486
     5025.0000000000         2.4476831416
     5026.0000000000         2.4471308806
     5027.0000000000         2.4405096405
     5028.0000000000         2.4155502597
     5029.0000000000         2.5139370502
     5030.0000000000         2.6412690375
     5031.0000000000         2.5227714261
     5032.0000000000         2.5100143035
     5033.0000000000         2.6977263774
     5034.0000000000         2.6187825748
     5035.0000000000         2.6950052366
     5036.0000000000         2.6386301821
     5037.0000000000         2.4584638466
     5038.0000000000         2.3492068303
     5039.0000000000         2.3120726189
     5040.0000000000         2.2964495607
     5041.0000000000         2.3193024227
     5042.0000000000         2.4036332051
     5043.0000000000         2.3259745418
     5044.0000000000         2.4681282785
     5045.0000000000         2.5646384532
     5046.0000000000         2.4745697899
     5047.0000000000         2.5519715388
     5048.0000000000         2.5806376617
     5049.0000000000         2.6280528029
     5050.0000000000         2.9392229096
     5051.0000000000         2.8276279054
     5052.0000000000         2.6027710138
     5053.0000000000         2.5295057109
     5054.0000000000         2.4018878318
     5055.0000000000         2.4618829463
     5056.0000000000         2.2327191832
     5057.0000000000         2.2378986856
     5058.0000000000         2.2242421775
     5059.0000000000         2.1314276415
     5060.0000000000         2.1319151205
     5061.0000000000         2.0497157309
     5062.0000000000         1.9559086366
     5063.0000000000         1.9383016079
     5064.0000000000         1.7848590376
     5065.0000000000         1.8406669488
     5066.0000000000         2.2572951246
     5067.0000000000         2.5609736650
     5068.0000000000         2.5337524005
     5069.0000000000         2.4322580327
     5070.0000000000         2.4789211500
     5071.0000000000         2.4596721534
     5072.0000000000         2.3859318232
     5073.0000000000         2.3659955726
     5074.0000000000         2.4550582960
     5075.0000000000         2.4713493512
     5076.0000000000         2.5360417085
     5077.0000000000         2.5308772108
     5078.0000000000         2.5010094202
     5079.0000000000         2.5002897314
     5080.0000000000         2.4223105939
     5081.0000000000         2.3899353136
     5082.0000000000         2.4387488800
     5083.0000000000         2.4608065746
     5084.0000000000         2.4736757023
     5085.0000000000         2.5329976149
     5086.0000000000         2.6326335924
     5087.0000000000         2.7040663062
     5088.0000000000         2.6897802014
     5089.0000000000         2.6320428430
     5090.0000000000         2.6311840055
     5091.0000000000         2.5448491528
     5092.0000000000         2.5969876706
     5093.0000000000         2.5438967522
     5094.0000000000         2.5586913176
     5095.0000000000         2.5377549492
     5096.0000000000         2.4900853373
     5097.0000000000         2.6349652624
     5098.0000000000         2.5700383734
     5099.0000000000         2.4446747012
     5100.0000000000         2.3933880474
     5101.0000000000         2.5469612031
     5102.0000000000         2.6175906672
     5103.0000000000         2.5253554227
     5104.0000000000         2.6173854351
     5105.0000000000         2.5837963984
     5106.0000000000         2.6830322517
     5107.0000000000         2.5243773875
     5108.0000000000         2.5223721224
     5109.0000000000         2.5238045503
     5110.0000000000         2.5090139097
     5111.0000000000         2.5267284953
     5112.0000000000         2.5412400022
     5113.0000000000         2.4409574059
     5114.0000000000         2.4806753733
     5115.0000000000         2.4671327133
     5116.0000000000         2.4358541669
     5117.0000000000         2.3678058826
     5118.0000000000         2.2992023566
     5119.0000000000         2.4003856977
     5120.0000000000         2.4500184308
     5121.0000000000         2.5768295499
     5122.0000000000         2.5936225817
     5123.0000000000         2.5148649755
     5124.0000000000         2.4728921319
     5125.0000000000         2.2965159290
     5126.0000000000         2.4460268934
     5127.0000000000         2.4894876189
     5128.0000000000         2.5018046373
     5129.0000000000         2.4401910558
     5130.0000000000         2.4121818980
     5131.0000000000         2.3794695154
     5132.0000000000         2.3488221026
     5133.0000000000         2.4941219000
     5134.0000000000         2.5997156350
     5135.0000000000         2.4351756833
     5136.0000000000         2.5028570182
     5137.0000000000         2.4462007012
     5138.0000000000         2.3235157961
     5139.0000000000         2.2683233838
     5140.0000000000         2.2802683619
     5141.0000000000         2.3102725244
     5142.0000000000         2.4459003840
     5143.0000000000         2.4642453719
     5144.0000000000         2.4682541941
     5145.0000000000         2.4880313967
     5146.0000000000         2.4146068577
     5147.0000000000         2.3819234089
     5148.0000000000         2.4265925895
     5149.0000000000         2.5005514189
     5150.0000000000         2.4671083846
     5151.0000000000         2.4767298755
     5152.0000000000         2.5156400431
     5153.0000000000         2.5141636901
     5154.0000000000         2.4950010517
     5155.0000000000         2.4662422562
     5156.0000000000         2.2712968909
     5157.0000000000         2.3532100956
     5158.0000000000         2.3649991208
     5159.0000000000         2.3144395001
     5160.0000000000         2.3274419364
     5161.0000000000         2.3830906326
     5162.0000000000         2.5278862206
     5163.0000000000         2.4807460849
     5164.0000000000         2.4081522229
     5165.0000000000         2.3588511473
     5166.0000000000         2.4391738913
     5167.0000000000         2.2746754715
     5168.0000000000         2.3072088219
     5169.0000000000         2.3896093580
     5170.0000000000         2.4537433769
     5171.0000000000         2.4376544868
     5172.0000000000         2.4538401341
     5173.0000000000         2.3094182963
     5174.0000000000         2.2737160867
     5175.0000000000         2.2951391674
     5176.0000000000         2.3348738122
     5177.0000000000         2.2069615732
     5178.0000000000         2.2431143688
     5179.0000000000         2.3766056334
     5180.0000000000         2.2794984914
     5181.0000000000         2.3331312968
     5182.0000000000         2.4229906373
     5183.0000000000         2.3204577877
     5184.0000000000         2.1429682815
     5185.0000000000         2.1556038933
     5186.0000000000         2.2551056415
     5187.0000000000         2.3215492524
     5188.0000000000         2.1976861123
     5189.0000000000         2.2666822139
     5190.0000000000         2.3078776306
     5191.0000000000         2.4095794247
     5192.0000000000         2.2996054949
     5193.0000000000         2.2462581186
     5194.0000000000         2.3280385404
     5195.0000000000         2.3917988665
     5196.0000000000         2.3025664309
     5197.0000000000         2.3400317590
     5198.0000000000         2.3553726353
     5199.0000000000         2.4270938119
     5200.0000000000         2.3127842057
     5201.0000000000         2.2655299802
     5202.0000000000         2.1784053150
     5203.0000000000         2.1260601517
     5204.0000000000         2.3463744250
     5205.0000000000         2.4234317597
     5206.0000000000         2.1431333339
     5207.0000000000         2.0063371076
     5208.0000000000         2.0208096815
     5209.0000000000         1.9658462804
     5210.0000000000         1.9148955883
     5211.0000000000         2.0112325994
     5212.0000000000         2.1000849623
     5213.0000000000         2.1116719705
     5214.0000000000         2.2635387498
     5215.0000000000         2.1742122259
     5216.0000000000         2.1745626111
     5217.0000000000         2.2360031945
     5218.0000000000         2.0959988745
     5219.0000000000         2.1019638688
     5220.0000000000         2.1618573175
     5221.0000000000         2.0137014463
     5222.0000000000         2.0248819852
     5223.0000000000         2.0619157077
     5224.0000000000         2.1827851952
     5225.0000000000         2.3163799947
     5226.0000000000         2.1965308020
     5227.0000000000         2.0690457976
     5228.0000000000         2.2429988468
     5229.0000000000         2.2614961575
     5230.0000000000         2.2421023879
     5231.0000000000         2.3525990367
     5232.0000000000         2.3467832664
     5233.0000000000         2.3482965035
     5234.0000000000         2.3859103197
     5235.0000000000         2.3447852046
     5236.0000000000         2.3604533986
     5237.0000000000         2.3941373012
     5238.0000000000         2.4565172248
     5239.0000000000         2.4498386947
     5240.0000000000         2.4561558364
     5241.0000000000         2.4349121574
     5242.0000000000         2.5881033411
     5243.0000000000         2.3251404052
     5244.0000000000         2.3648833475
     5245.0000000000         2.3377704032
     5246.0000000000         2.3177637862
     5247.0000000000         2.3621732465
     5248.0000000000         2.2583656148
     5249.0000000000         2.3554315048
     5250.0000000000         2.4034648655
     5251.0000000000         2.5295983782
     5252.0000000000         2.2949375831
     5253.0000000000         2.3435046151
     5254.0000000000         2.2891938900
     5255.0000000000         2.1603983564
     5256.0000000000         2.3604698705
     5257.0000000000         2.4612112175
     5258.0000000000         2.3307477943
     5259.0000000000         2.3738200780
     5260.0000000000         2.5000037760
     5261.0000000000         2.4895380140
     5262.0000000000         2.3600924281
     5263.0000000000         2.3845874534
     5264.0000000000         2.4409889669
     5265.0000000000         2.4595820653
     5266.0000000000         2.4109349981
     5267.0000000000         2.3908128779
     5268.0000000000         2.3400298314
     5269.0000000000         2.3220494652
     5270.0000000000         2.3098643816
     5271.0000000000         2.0957159812
     5272.0000000000         2.2357885497
     5273.0000000000         2.3156620810
     5274.0000000000         2.2657804625
     5275.0000000000         2.2393069946
     5276.0000000000         2.4245709464
     5277.0000000000         2.2414486678
     5278.0000000000         2.1575246415
     5279.0000000000         2.0545442855
     5280.0000000000         2.1876218661
     5281.0000000000         2.1879690540
     5282.0000000000         2.2297087807
     5283.0000000000         2.1853541441
     5284.0000000000         2.3539556446
     5285.0000000000         2.4011687736
     5286.0000000000         2.5189848267
     5287.0000000000         2.3705571309
     5288.0000000000         2.3403102699
     5289.0000000000         2.2056486792
     5290.0000000000         2.3507209563
     5291.0000000000         2.2668847150
     5292.0000000000         2.3129979185
     5293.0000000000         2.1986358115
     5294.0000000000         2.2882323722
     5295.0000000000         2.2820626212
     5296.0000000000         2.1540298894
     5297.0000000000         2.1577858403
     5298.0000000000         2.1271994285
     5299.0000000000         2.3141323597
     5300.0000000000         2.1952457569
     5301.0000000000         2.1643975766
     5302.0000000000         2.1415771606
     5303.0000000000         2.2167800582
     5304.0000000000         2.1876190361
     5305.0000000000         2.1501937895
     5306.0000000000         2.3581019438
     5307.0000000000         2.3349657631
     5308.0000000000         2.2212926249
     5309.0000000000         2.1623872607
     5310.0000000000         2.1087294959
     5311.0000000000         2.1322064114
     5312.0000000000         2.1590909474
     5313.0000000000         2.3658700993
     5314.0000000000         2.2861763443
     5315.0000000000         2.2832477508
     5316.0000000000         2.2906726676
     5317.0000000000         2.2904761135
     5318.0000000000         2.3570083900
     5319.0000000000         2.3685388735
     5320.0000000000         2.3939732582
     5321.0000000000         2.3485557883
     5322.0000000000         2.3870794269
     5323.0000000000         2.3316847118
     5324.0000000000         2.3866134056
     5325.0000000000         2.4138854164
     5326.0000000000         2.4843145054
     5327.0000000000         2.4872504238
     5328.0000000000         2.4548851907
     5329.0000000000         2.3187149290
     5330.0000000000         2.4196820715
     5331.0000000000         2.3720888258
     5332.0000000000         2.2299594903
     5333.0000000000         2.4044260939
     5334.0000000000         2.3759471800
     5335.0000000000         2.3727457997
     5336.0000000000         2.2039605612
     5337.0000000000         2.1617518095
     5338.0000000000         2.1483467915
     5339.0000000000         2.1382188637
     5340.0000000000         2.2946932685
     5341.0000000000         2.2815450081
     5342.0000000000         2.3825537184
     5343.0000000000         2.3809605975
     5344.0000000000         2.3088148179
     5345.0000000000         2.3190288046
     5346.0000000000         2.3467579410
     5347.0000000000         2.2336501381
     5348.0000000000         2.0951632619
     5349.0000000000         2.0374982311
     5350.0000000000         2.1043984121
     5351.0000000000         2.1845843317
     5352.0000000000         2.3180410362
     5353.0000000000         2.3117691040
     5354.0000000000         2.2239264265
     5355.0000000000         2.2993335189
     5356.0000000000         2.2258788765
     5357.0000000000         2.3853923285
     5358.0000000000         2.1651880672
     5359.0000000000         2.1976635806
     5360.0000000000         2.3196737195
     5361.0000000000         2.1678492585
     5362.0000000000         2.1922859180
     5363.0000000000         2.2160994087
     5364.0000000000         2.2164222109
     5365.0000000000         2.2027562676
     5366.0000000000         2.0317297260
     5367.0000000000         2.0638752582
     5368.0000000000         2.1558230410
     5369.0000000000         2.1630038254
     5370.0000000000         2.1473392248
     5371.0000000000         2.1348610246
     5372.0000000000         2.2213281872
     5373.0000000000         2.2499474087
     5374.0000000000         2.2339586776
     5375.0000000000         2.2664936313
     5376.0000000000         2.1554746561
     5377.0000000000         2.1627523060
     5378.0000000000         2.0827093626
     5379.0000000000         2.2613487811
     5380.0000000000         2.1905102483
     5381.0000000000         2.1217557839
     5382.0000000000         2.1307388956
     5383.0000000000         2.0529031549
     5384.0000000000         2.0597322830
     5385.0000000000         2.1573691974
     5386.0000000000         2.1499310261
     5387.0000000000         2.3408625609
     5388.0000000000         2.2781103726
     5389.0000000000         2.1623375012
     5390.0000000000         2.3143673114
     5391.0000000000         2.2451228420
     5392.0000000000         2.3053304154
     5393.0000000000         2.2120003045
     5394.0000000000         2.2396030121
     5395.0000000000         2.2475608266
     5396.0000000000         2.2806133916
     5397.0000000000         2.2596917063
     5398.0000000000         2.2340728390
     5399.0000000000         2.3047549823
     5400.0000000000         2.2097820022
     5401.0000000000         2.2975416757
     5402.0000000000         2.2795784120
     5403.0000000000         2.1179736236
     5404.0000000000         2.1272402730
     5405.0000000000         2.1550749322
     5406.0000000000         2.2138955663
     5407.0000000000         2.2865138411
     5408.0000000000         2.3012064793
     5409.0000000000         2.2254418077
     5410.0000000000         2.2283725092
     5411.0000000000         2.2532545542
     5412.0000000000         2.3598493161
     5413.0000000000         2.3330136673
     5414.0000000000         2.3665189035
     5415.0000000000         2.3601001688
     5416.0000000000         2.1751687781
     5417.0000000000         2.1662535783
     5418.0000000000         2.1474764413
     5419.0000000000         2.1786337523
     5420.0000000000         2.1979060551
     5421.0000000000         2.1429200536
     5422.0000000000         2.2880063197
     5423.0000000000         2.1337336790
     5424.0000000000         2.1010913168
     5425.0000000000         2.2205239470
     5426.0000000000         2.2397042127
     5427.0000000000         2.3247749658
     5428.0000000000         2.2814898261
     5429.0000000000         2.0579834581
     5430.0000000000         2.1089630820
     5431.0000000000         2.1852608271
     5432.0000000000         2.1362077021
     5433.0000000000         2.1096606847
     5434.0000000000         2.1912100238
     5435.0000000000         2.2691094993
     5436.0000000000         2.1911315931
     5437.0000000000         2.0938629660
     5438.0000000000         2.1737248227
     5439.0000000000         2.1827084203
     5440.0000000000         2.1214780611
     5441.0000000000         2.1413570689
     5442.0000000000         2.2230331102
     5443.0000000000         2.2249804311
     5444.0000000000         2.1023001601
     5445.0000000000         2.2616581295
     5446.0000000000         2.2333972578
     5447.0000000000         2.1349758628
     5448.0000000000         2.2207115925
     5449.0000000000         2.1880792090
     5450.0000000000         2.0594789930
     5451.0000000000         2.0699041739
     5452.0000000000         2.2352436890
     5453.0000000000         2.1323445040
     5454.0000000000         2.1559103605
     5455.0000000000         2.1937388875
     5456.0000000000         2.1620892072
     5457.0000000000         2.1309978336
     5458.0000000000         2.1961971674
     5459.0000000000         2.2374608597
     5460.0000000000         2.2237915881
     5461.0000000000         2.3655788603
     5462.0000000000         2.4371499725
     5463.0000000000         2.1479395374
     5464.0000000000         2.1452128998
     5465.0000000000         2.1831523675
     5466.0000000000         2.1876221603
     5467.0000000000         2.2691202783
     5468.0000000000         2.2244552949
     5469.0000000000         2.1520551832
     5470.0000000000         2.1569921468
     5471.0000000000         2.1975826092
     5472.0000000000         2.1387666300
     5473.0000000000         2.2299181513
     5474.0000000000         2.1924833777
     5475.0000000000         2.1840685485
     5476.0000000000         2.1740662494
     5477.0000000000         2.0485542587
     5478.0000000000         2.0502303282
     5479.0000000000         2.1543105427
     5480.0000000000         2.0185249292
     5481.0000000000         2.1401509492
     5482.0000000000         2.2984841016
     5483.0000000000         2.3034787878
     5484.0000000000         2.2363433832
     5485.0000000000         2.1338092867
     5486.0000000000         2.1280850206
     5487.0000000000         2.1413353213
     5488.0000000000         2.1285104759
     5489.0000000000         2.1502617204
     5490.0000000000         2.1475244987
     5491.0000000000         2.1044634788
     5492.0000000000         2.1249906862
     5493.0000000000         2.1677174422
     5494.0000000000         2.1079769128
     5495.0000000000         2.0552597981
     5496.0000000000         2.1774270495
     5497.0000000000         2.1323857688
     5498.0000000000         2.2125992987
     5499.0000000000         2.1644955102
     5500.0000000000         2.2218933439
     5501.0000000000         2.1888097080
     5502.0000000000         2.0345393931
     5503.0000000000         2.1058952667
     5504.0000000000         2.0231074547
     5505.0000000000         1.9979677471
     5506.0000000000         2.0420696075
     5507.0000000000         2.0795688978
     5508.0000000000         2.2577380163
     5509.0000000000         2.2012096559
     5510.0000000000         2.1994104084
     5511.0000000000         2.2896207849
     5512.0000000000         2.0789446878
     5513.0000000000         2.1340257615
     5514.0000000000         2.0457380188
     5515.0000000000         2.0858511986
     5516.0000000000         2.1387358956
     5517.0000000000         2.0431751372
     5518.0000000000         1.9706183377
     5519.0000000000         2.0413426339
     5520.0000000000         2.1512878233
     5521.0000000000         2.1759800585
     5522.0000000000         2.1660846923
     5523.0000000000         2.0863744788
     5524.0000000000         2.0853851770
     5525.0000000000         1.9883587248
     5526.0000000000         1.9311551655
     5527.0000000000         1.9210785116
     5528.0000000000         1.7836876526
     5529.0000000000         1.4919126028
     5530.0000000000         1.4099006409
     5531.0000000000         1.4478739801
     5532.0000000000         1.3648832465
     5533.0000000000         1.3495169929
     5534.0000000000         1.4414601486
     5535.0000000000         1.4626024585
     5536.0000000000         1.4403605427
     5537.0000000000         1.3090761888
     5538.0000000000         1.4262069555
     5539.0000000000         1.3784654308
     5540.0000000000         1.2324269157
     5541.0000000000         1.2418439069
     5542.0000000000         1.3380308316
     5543.0000000000         1.4011222348
     5544.0000000000         1.4235572429
     5545.0000000000         1.4367021679
     5546.0000000000         1.3584778484
     5547.0000000000         1.2431917712
     5548.0000000000         1.2242459121
     5549.0000000000         1.1778987651
     5550.0000000000         1.3259264986
     5551.0000000000         1.2726532281
     5552.0000000000         1.1719259675
     5553.0000000000         1.2299446115
     5554.0000000000         1.3120144457
     5555.0000000000         1.2240213262
     5556.0000000000         1.3065882173
     5557.0000000000         1.3715698581
     5558.0000000000         1.2537397746
     5559.0000000000         1.3440975446
     5560.0000000000         1.4778222433
     5561.0000000000         1.4071027085
     5562.0000000000         1.3617169909
     5563.0000000000         1.3848840493
     5564.0000000000         1.5454176835
     5565.0000000000         1.4977127314
     5566.0000000000         1.3223338351
     5567.0000000000         1.3739511893
     5568.0000000000         1.4503520996
     5569.0000000000         1.4591285242
     5570.0000000000         1.3757932603
     5571.0000000000         1.3566436955
     5572.0000000000         1.3432213045
     5573.0000000000         1.3112562712
     5574.0000000000         1.3510867822
     5575.0000000000         0.6423140964
     5576.0000000000        -1.5802595452
     5577.0000000000        47.1568278145
     5578.0000000000        14.4110715085
     5579.0000000000        -5.2109937017
     5580.0000000000       -17.0457467753
     5581.0000000000         1.5064940603
     5582.0000000000         0.7684313817
     5583.0000000000         1.4441337188
     5584.0000000000         1.0412333900
     5585.0000000000         1.4101735626
     5586.0000000000         1.2259880130
     5587.0000000000         1.2188910143
     5588.0000000000         0.9916238317
     5589.0000000000         1.2341426275
     5590.0000000000         1.3104021483
     5591.0000000000         1.1108664135
     5592.0000000000         1.1198484962
     5593.0000000000         1.1494503359
     5594.0000000000         1.0467063131
     5595.0000000000         1.0690571210
     5596.0000000000         1.1367662401
     5597.0000000000         1.1586861706
     5598.0000000000         1.2090289605
     5599.0000000000         1.2840731744
     5600.0000000000         1.0813606714
     5601.0000000000         1.1537338121
     5602.0000000000         1.1347581559
     5603.0000000000         1.1859515085
     5604.0000000000         1.1517410745
     5605.0000000000         1.1815189245
     5606.0000000000         1.2008954089
     5607.0000000000         1.2587871365
     5608.0000000000         1.1056460929
     5609.0000000000         1.1130649321
     5610.0000000000         1.0428460234
     5611.0000000000         1.0801437714
     5612.0000000000         1.0853721374
     5613.0000000000         1.1751034581
     5614.0000000000         1.2053222669
     5615.0000000000         1.1028638642
     5616.0000000000         1.0921336665
     5617.0000000000         1.0326317372
     5618.0000000000         0.8602541144
     5619.0000000000         0.8775743555
     5620.0000000000         0.7623963343
     5621.0000000000         0.6890039356
     5622.0000000000         0.6047345561
     5623.0000000000         0.7474363470
     5624.0000000000         0.8461804487
     5625.0000000000         0.9703678090
     5626.0000000000         1.0136049663
     5627.0000000000         0.9853999308
     5628.0000000000         0.9837927795
     5629.0000000000         1.0704225199
     5630.0000000000         1.0223484978
     5631.0000000000         1.0656551994
     5632.0000000000         1.0292209494
     5633.0000000000         1.0779329130
     5634.0000000000         1.0461014051
     5635.0000000000         1.0234462730
     5636.0000000000         0.9869573651
     5637.0000000000         0.8985931293
     5638.0000000000         0.8553853981
     5639.0000000000         0.9073603876
     5640.0000000000         0.8996852634
     5641.0000000000         0.9768204585
     5642.0000000000         0.9402832850
     5643.0000000000         0.8560239185
     5644.0000000000         0.7976317704
     5645.0000000000         0.8788094844
     5646.0000000000         0.8002055886
     5647.0000000000         0.6854166939
     5648.0000000000         0.8492727534
     5649.0000000000         0.9136263397
     5650.0000000000         0.9083663906
     5651.0000000000         0.9457868113
     5652.0000000000         0.9896147782
     5653.0000000000         0.9785157210
     5654.0000000000         0.9249645826
     5655.0000000000         0.9242758530
     5656.0000000000         0.9439149962
     5657.0000000000         0.8348359149
     5658.0000000000         0.6425266802
     5659.0000000000         0.5477436839
     5660.0000000000         0.5135058040
     5661.0000000000         0.5042461214
     5662.0000000000         0.5473105471
     5663.0000000000         0.4313152246
     5664.0000000000         0.2930254596
     5665.0000000000         0.3328390254
     5666.0000000000         0.3122853278
     5667.0000000000         0.3114032527
     5668.0000000000         0.2787709477
     5669.0000000000         0.2186427193
     5670.0000000000         0.2689411789
     5671.0000000000         0.2482957721
     5672.0000000000         0.2371978079
     5673.0000000000         0.2603967327
     5674.0000000000         0.2310878715
     5675.0000000000         0.2670698460
     5676.0000000000         0.2324544461
     5677.0000000000         0.2706218844
     5678.0000000000         0.2743874101
     5679.0000000000         0.2364401220
     5680.0000000000         0.2606209754
     5681.0000000000         0.2825954917
     5682.0000000000         0.2808878265
     5683.0000000000         0.2348256782
     5684.0000000000         0.2973739525
     5685.0000000000         0.2877845759
     5686.0000000000         0.2820494715
     5687.0000000000         0.2818037973
     5688.0000000000         0.2449605982
     5689.0000000000         0.2559250792
     5690.0000000000         0.2565099912
     5691.0000000000         0.2752646850
     5692.0000000000         0.2611213288
     5693.0000000000         0.2580178055
     5694.0000000000         0.2212825999
     5695.0000000000         0.2627792124
     5696.0000000000         0.2667328845
     5697.0000000000         0.2760012957
     5698.0000000000         0.2636393080
     5699.0000000000         0.1972596710
     5700.0000000000         0.2050870999
     5701.0000000000         0.2121758069
     5702.0000000000         0.1997090268
     5703.0000000000         0.2156137448
     5704.0000000000         0.2082354275
     5705.0000000000         0.2333968135
     5706.0000000000         0.1923849916
     5707.0000000000         0.2134326405
     5708.0000000000         0.2159914136
     5709.0000000000         0.1957988312
     5710.0000000000         0.1513569001
     5711.0000000000         0.1753926597
     5712.0000000000         0.1612553123
     5713.0000000000         0.1352126906
     5714.0000000000         0.1568230564
     5715.0000000000         0.1500805216
     5716.0000000000         0.1284300435
     5717.0000000000         0.1661452830
     5718.0000000000         0.1422380418
     5719.0000000000         0.1267115516
     5720.0000000000         0.1618703064
     5721.0000000000         0.1291837443
     5722.0000000000         0.1302091790
     5723.0000000000         0.1071158857
     5724.0000000000         0.1069600115
     5725.0000000000         0.0976531554
     5726.0000000000         0.1176924155
     5727.0000000000         0.1113918621
     5728.0000000000         0.0816423109
     5729.0000000000         0.0927756251
     5730.0000000000         0.0957344752
     5731.0000000000         0.0934427463
     5732.0000000000         0.0744942349
     5733.0000000000         0.0585355864
     5734.0000000000         0.0743773649
     5735.0000000000         0.0593665331
     5736.0000000000         0.0650592562
     5737.0000000000         0.0364161497
     5738.0000000000         0.0277874612
     5739.0000000000         0.0327783368
     5740.0000000000         0.0581347447
     5741.0000000000         0.0522489090
     5742.0000000000         0.0249669910
     5743.0000000000         0.0441259660
     5744.0000000000         0.0345743542
     5745.0000000000         0.0272901323
     5746.0000000000         0.0193958070
     5747.0000000000         0.0368029811
     5748.0000000000         0.0236511409
     5749.0000000000         0.0237423399
     5750.0000000000         0.0447393681
     5751.0000000000         0.0637434217
     5752.0000000000         0.0291024560
     5753.0000000000         0.0060913547
     5754.0000000000         0.0163490199
     5755.0000000000         0.0191363478
     5756.0000000000         0.0162258680
     5757.0000000000         0.0262019741
     5758.0000000000         0.0193860701
     5759.0000000000         0.0031580626
     5760.0000000000         0.0025997588
     5761.0000000000         0.0055270650
     5762.0000000000         0.0207998004
     5763.0000000000         0.0212589515
     5764.0000000000         0.0036863225
     5765.0000000000        -0.0038309359
     5766.0000000000         0.0031095297
     5767.0000000000        -0.0027631043
     5768.0000000000         0.0019714207
     5769.0000000000         0.0011537187
     5770.0000000000         0.0029830961
     5771.0000000000        -0.0009367282
     5772.0000000000        -0.0040617284
     5773.0000000000        -0.0024818399
     5774.0000000000         0.0019733711
     5775.0000000000         0.0032721124
     5776.0000000000        -0.0005888959
     5777.0000000000         0.0001870241
     5778.0000000000         0.0036493395
     5779.0000000000         0.0002369761
     5780.0000000000         0.0022670884
     5781.0000000000         0.0005818682
     5782.0000000000        -0.0010655184
     5783.0000000000        -0.0002052193
     5784.0000000000         0.0015875379
     5785.0000000000        -0.0048928097
     5786.0000000000        -0.0012305122
     5787.0000000000        -0.0009358801
     5788.0000000000         0.0021913084
     5789.0000000000         0.0008598354
     5790.0000000000        -0.0021383932
     5791.0000000000         0.0007612243
     5792.0000000000        -0.0003696174
     5793.0000000000        -0.0015862271
     5794.0000000000         0.0009798563
     5795.0000000000        -0.0009784810
     5796.0000000000        -0.0010908945
     5797.0000000000        -0.0020791198
     5798.0000000000        -0.0020234236
     5799.0000000000        -0.0025951922
     5800.0000000000         0.0002990829
     5801.0000000000        -0.0026405941
     5802.0000000000        -0.0015955538
     5803.0000000000        -0.0016665184
     5804.0000000000        -0.0008929942
     5805.0000000000        -0.0020034342
     5806.0000000000        -0.0015672204
     5807.0000000000        -0.0011910468
     5808.0000000000        -0.0030622240
     5809.0000000000        -0.0027186375
     5810.0000000000         0.0022349213
     5811.0000000000        -0.0021936640
     5812.0000000000        -0.0041168760
     5813.0000000000        -0.0008992837
     5814.0000000000         0.0006460451
     5815.0000000000        -0.0028964311
     5816.0000000000         0.0005931703
     5817.0000000000        -0.0010151942
     5818.0000000000        -0.0017482212
     5819.0000000000        -0.0002595757
     5820.0000000000         0.0008744111
     5821.0000000000         0.0000153443
     5822.0000000000         0.0014570748
     5823.0000000000         0.0019227769
     5824.0000000000        -0.0000760830
