     3229.0000000000        -0.0007462277
     3230.0000000000         0.0032979912
     3231.0000000000         0.0199850809
     3232.0000000000         0.0114300235
     3233.0000000000        -0.0038478393
     3234.0000000000         0.0142064677
     3235.0000000000         0.0105228405
     3236.0000000000         0.0247089209
     3237.0000000000        -0.0132831534
     3238.0000000000        -0.0468928126
     3239.0000000000         0.1797949798
     3240.0000000000        -0.2055581723
     3241.0000000000        -0.0216968720
     3242.0000000000         0.2750242421
     3243.0000000000         0.0663745843
     3244.0000000000         0.1653535707
     3245.0000000000         0.7607591385
     3246.0000000000        -0.3915222966
     3247.0000000000        -0.2524480304
     3248.0000000000         0.0529298084
     3249.0000000000        -0.1056752540
     3250.0000000000        -0.0350033154
     3251.0000000000         0.0577185727
     3252.0000000000        -0.0226393597
     3253.0000000000        -0.1607870459
     3254.0000000000         0.2494093960
     3255.0000000000         0.6357076605
     3256.0000000000        -0.0986532305
     3257.0000000000         0.3859045351
     3258.0000000000         0.2791157765
     3259.0000000000         0.0707350003
     3260.0000000000         0.3175824938
     3261.0000000000         0.2647671189
     3262.0000000000         0.1012663320
     3263.0000000000         0.2757991197
     3264.0000000000         0.2271354232
     3265.0000000000        -0.1551484739
     3266.0000000000        -0.1710513734
     3267.0000000000         0.0786976828
     3268.0000000000         0.4899395395
     3269.0000000000         0.4797421967
     3270.0000000000         0.1594926522
     3271.0000000000        -0.0199614051
     3272.0000000000         0.2755785441
     3273.0000000000        -0.3490132390
     3274.0000000000        -0.0420435032
     3275.0000000000         0.2065017691
     3276.0000000000        -0.2094119188
     3277.0000000000         0.2400876887
     3278.0000000000        -0.0316377551
     3279.0000000000        -0.5327568310
     3280.0000000000        -0.1194949146
     3281.0000000000         0.2326035914
     3282.0000000000        -0.1088364605
     3283.0000000000         0.5656006983
     3284.0000000000         0.0914282270
     3285.0000000000        -0.1438415003
     3286.0000000000         0.1469840235
     3287.0000000000         0.6636490744
     3288.0000000000        -0.0808311298
     3289.0000000000         0.1118773741
     3290.0000000000         0.1022307708
     3291.0000000000         0.2914768660
     3292.0000000000        -0.0012599851
     3293.0000000000        -0.0675604130
     3294.0000000000         0.3815985279
     3295.0000000000        -0.0213974006
     3296.0000000000         0.0977932732
     3297.0000000000         0.0759462754
     3298.0000000000         0.2895321585
     3299.0000000000         0.0621541467
     3300.0000000000         0.3750030781
     3301.0000000000         0.0811400697
     3302.0000000000        -0.1310367635
     3303.0000000000         0.1760155131
     3304.0000000000        -0.2794392765
     3305.0000000000         0.1636679278
     3306.0000000000         0.3528892404
     3307.0000000000        -0.1774021916
     3308.0000000000        -0.6831493203
     3309.0000000000        -0.3895415175
     3310.0000000000        -0.0193551375
     3311.0000000000        -0.2816223862
     3312.0000000000        -0.6521398226
     3313.0000000000        -0.1633031132
     3314.0000000000         0.0543244654
     3315.0000000000         0.3194524246
     3316.0000000000         0.4753484206
     3317.0000000000         0.0537822905
     3318.0000000000         0.3052862226
     3319.0000000000         0.0778195941
     3320.0000000000        -0.1639487236
     3321.0000000000         0.0503642704
     3322.0000000000         0.2733188690
     3323.0000000000         0.2410763031
     3324.0000000000        -0.1340091094
     3325.0000000000        -0.3111561915
     3326.0000000000        -0.0318585037
     3327.0000000000         0.0966389680
     3328.0000000000        -0.0224627075
     3329.0000000000         0.0920778103
     3330.0000000000         0.2892584829
     3331.0000000000         0.2476183204
     3332.0000000000        -0.2218640827
     3333.0000000000        -0.1318852568
     3334.0000000000        -0.0701121054
     3335.0000000000         0.0301978187
     3336.0000000000         0.3536895961
     3337.0000000000        -0.3278013442
     3338.0000000000        -0.0172511657
     3339.0000000000         0.0758562657
     3340.0000000000         0.3522804943
     3341.0000000000         0.4833989785
     3342.0000000000         0.3554951072
     3343.0000000000         0.2537227539
     3344.0000000000         0.0423053228
     3345.0000000000        -0.0541362680
     3346.0000000000        -0.1078863553
     3347.0000000000        -0.1592213033
     3348.0000000000        -0.1315193788
     3349.0000000000        -0.0927109367
     3350.0000000000         0.0866153229
     3351.0000000000         0.1738064361
     3352.0000000000        -0.0324085986
     3353.0000000000        -0.2653576439
     3354.0000000000        -0.2068307585
     3355.0000000000         0.1944520952
     3356.0000000000         0.3906787301
     3357.0000000000         0.2240958658
     3358.0000000000        -0.0168573701
     3359.0000000000        -0.4648821627
     3360.0000000000        -0.0586143461
     3361.0000000000        -0.4637558604
     3362.0000000000        -0.3116894350
     3363.0000000000        -0.0129208518
     3364.0000000000         0.3382708272
     3365.0000000000         0.0821917342
     3366.0000000000         0.1147399826
     3367.0000000000         0.0689668566
     3368.0000000000         0.2472226375
     3369.0000000000         0.2941584616
     3370.0000000000        -0.0984120565
     3371.0000000000        -0.2085325968
     3372.0000000000         0.0598829976
     3373.0000000000         0.3976559889
     3374.0000000000         0.2667459326
     3375.0000000000         0.8020453299
     3376.0000000000         0.1421651048
     3377.0000000000        -0.0085993613
     3378.0000000000        -0.1053798720
     3379.0000000000         0.3194460610
     3380.0000000000         0.3274814112
     3381.0000000000         0.2013555682
     3382.0000000000         0.2709434973
     3383.0000000000         0.3839830118
     3384.0000000000         0.3507327654
     3385.0000000000         0.6006375246
     3386.0000000000         0.6811711692
     3387.0000000000         0.4489092436
     3388.0000000000         0.5916067179
     3389.0000000000         0.8664598645
     3390.0000000000         0.6827883166
     3391.0000000000         0.6621098103
     3392.0000000000         0.9398710262
     3393.0000000000         1.1486264472
     3394.0000000000         1.3586819479
     3395.0000000000         1.0806575996
     3396.0000000000         1.3778640501
     3397.0000000000         1.7536377781
     3398.0000000000         2.0482447079
     3399.0000000000         2.1436421100
     3400.0000000000         2.0559466885
     3401.0000000000         1.5057172373
     3402.0000000000         1.8218056128
     3403.0000000000         2.0634185600
     3404.0000000000         2.2780379570
     3405.0000000000         2.4986603137
     3406.0000000000         1.9694135533
     3407.0000000000         2.2712985171
     3408.0000000000         2.3067743786
     3409.0000000000         1.4997650406
     3410.0000000000         0.8783100211
     3411.0000000000         1.6175570409
     3412.0000000000         2.1228136828
     3413.0000000000         3.0725281015
     3414.0000000000         2.9032466587
     3415.0000000000         2.5085405078
     3416.0000000000         1.3936713002
     3417.0000000000         0.6529110891
     3418.0000000000         0.3730261431
     3419.0000000000         1.0557969583
     3420.0000000000         2.1636515595
     3421.0000000000         3.0153187286
     3422.0000000000         4.0416800962
     3423.0000000000         4.7033541204
     3424.0000000000         5.2002177733
     3425.0000000000         4.3797413569
     3426.0000000000         4.3432848797
     3427.0000000000         4.6363372384
     3428.0000000000         4.4876997581
     3429.0000000000         4.4952631477
     3430.0000000000         4.6412788897
     3431.0000000000         5.3519537548
     3432.0000000000         4.8760351887
     3433.0000000000         3.8868517758
     3434.0000000000         2.9817396818
     3435.0000000000         2.6036470213
     3436.0000000000         2.5901773377
     3437.0000000000         2.7746859502
     3438.0000000000         2.4696255452
     3439.0000000000         2.7237114011
     3440.0000000000         3.0384037740
     3441.0000000000         3.0605392616
     3442.0000000000         3.0071644849
     3443.0000000000         3.4278149912
     3444.0000000000         3.3032544239
     3445.0000000000         3.1572911392
     3446.0000000000         3.5367833999
     3447.0000000000         3.4484128001
     3448.0000000000         3.4355851258
     3449.0000000000         3.1121764383
     3450.0000000000         2.5342215546
     3451.0000000000         2.2573453346
     3452.0000000000         1.8622660063
     3453.0000000000         0.8672129689
     3454.0000000000         0.7031098616
     3455.0000000000         0.2903368366
     3456.0000000000         0.2626759142
     3457.0000000000         0.7926250221
     3458.0000000000         1.5784897782
     3459.0000000000         2.1627437021
     3460.0000000000         2.3865169591
     3461.0000000000         2.9222207525
     3462.0000000000         2.9154621038
     3463.0000000000         2.2966837986
     3464.0000000000         2.3542769227
     3465.0000000000         2.5890926852
     3466.0000000000         2.3210186271
     3467.0000000000         2.3433872066
     3468.0000000000         2.3858875090
     3469.0000000000         2.1492186702
     3470.0000000000         1.8350842206
     3471.0000000000         1.6915554097
     3472.0000000000         1.8998215642
     3473.0000000000         1.9504684797
     3474.0000000000         1.5126974466
     3475.0000000000         1.7349293124
     3476.0000000000         1.5622233575
     3477.0000000000         1.2264824669
     3478.0000000000         1.5284734881
     3479.0000000000         1.7477004329
     3480.0000000000         1.9718858238
     3481.0000000000         1.6073681089
     3482.0000000000         1.1580316111
     3483.0000000000         4.5433742093
     3484.0000000000        15.3183429346
     3485.0000000000        26.3662802326
     3486.0000000000        29.7793130711
     3487.0000000000        26.1600047496
     3488.0000000000        20.8352080561
     3489.0000000000        15.2604300169
     3490.0000000000        11.2648003094
     3491.0000000000         8.4993409394
     3492.0000000000         6.3824240422
     3493.0000000000         4.7768319843
     3494.0000000000         3.7345692246
     3495.0000000000         3.6722072428
     3496.0000000000         3.5123221258
     3497.0000000000         3.2758953441
     3498.0000000000         3.2844409066
     3499.0000000000         3.7976648925
     3500.0000000000         3.7517500149
     3501.0000000000         3.6168332288
     3502.0000000000         3.2594831323
     3503.0000000000         3.5759206905
     3504.0000000000         4.0852338880
     3505.0000000000         4.6810403558
     3506.0000000000         4.6741145081
     3507.0000000000         4.2204447418
     3508.0000000000         4.1264530879
     3509.0000000000         3.9465799733
     3510.0000000000         4.5762736727
     3511.0000000000         4.7122633793
     3512.0000000000         5.1408539503
     3513.0000000000         5.0388176985
     3514.0000000000         4.8877515659
     3515.0000000000         5.2721419935
     3516.0000000000         5.2233524120
     3517.0000000000         5.3771096956
     3518.0000000000         5.7813636962
     3519.0000000000         5.7408748859
     3520.0000000000         5.6784397384
     3521.0000000000         5.3067466419
     3522.0000000000         5.2343010807
     3523.0000000000         5.1499285413
     3524.0000000000         5.1879156330
     3525.0000000000         5.1200605245
     3526.0000000000         5.1763696894
     3527.0000000000         5.2085085496
     3528.0000000000         5.4616493324
     3529.0000000000         5.5941789317
     3530.0000000000         5.4857204879
     3531.0000000000         5.4752825626
     3532.0000000000         5.7736852855
     3533.0000000000         5.5686444371
     3534.0000000000         5.3106586532
     3535.0000000000         5.6630972076
     3536.0000000000         5.4653920560
     3537.0000000000         5.6465281408
     3538.0000000000         5.2978594463
     3539.0000000000         5.4725333972
     3540.0000000000         5.5514291427
     3541.0000000000         5.4196013248
     3542.0000000000         5.5668157291
     3543.0000000000         6.0846540666
     3544.0000000000         5.9620449092
     3545.0000000000         5.7645038698
     3546.0000000000         5.6832894225
     3547.0000000000         6.0099012436
     3548.0000000000         6.0567939679
     3549.0000000000         6.1887552776
     3550.0000000000         6.0748392015
     3551.0000000000         6.0006352907
     3552.0000000000         5.8349999903
     3553.0000000000         5.3052183214
     3554.0000000000         5.6396971224
     3555.0000000000         6.2217094072
     3556.0000000000         5.6693735282
     3557.0000000000         6.0121196581
     3558.0000000000         6.5443250930
     3559.0000000000         7.0964390691
     3560.0000000000         7.0314458394
     3561.0000000000         7.1855969028
     3562.0000000000         7.5689932933
     3563.0000000000         7.8264513814
     3564.0000000000         7.7216384811
     3565.0000000000         7.7936756652
     3566.0000000000         7.4339322490
     3567.0000000000         7.5911057725
     3568.0000000000         7.7952015274
     3569.0000000000         7.6832385520
     3570.0000000000         7.7111271110
     3571.0000000000         7.1993253905
     3572.0000000000         7.0470927510
     3573.0000000000         6.6523481038
     3574.0000000000         6.3873015830
     3575.0000000000         6.3689422901
     3576.0000000000         6.6467128049
     3577.0000000000         6.8478159154
     3578.0000000000         7.0697678289
     3579.0000000000         6.8719588186
     3580.0000000000         6.8144891139
     3581.0000000000         6.5253312384
     3582.0000000000         6.2385744299
     3583.0000000000         6.0691653139
     3584.0000000000         6.5130021274
     3585.0000000000         6.6962388562
     3586.0000000000         6.7319285633
     3587.0000000000         6.5498924531
     3588.0000000000         6.1055051068
     3589.0000000000         4.6475400034
     3590.0000000000         3.5740194327
     3591.0000000000         4.0552802158
     3592.0000000000         5.1090512222
     3593.0000000000         5.9392203354
     3594.0000000000         6.3101296471
     3595.0000000000         6.5737309582
     3596.0000000000         6.6869827181
     3597.0000000000         6.6508234078
     3598.0000000000         6.7699440123
     3599.0000000000         6.7257648189
     3600.0000000000         6.5615323374
     3601.0000000000         6.4687993743
     3602.0000000000         6.4140647386
     3603.0000000000         6.2645474333
     3604.0000000000         6.1452571796
     3605.0000000000         5.6189494777
     3606.0000000000         5.1006995613
     3607.0000000000         3.9964018222
     3608.0000000000         2.8376396975
     3609.0000000000         2.0350776822
     3610.0000000000         1.5317981751
     3611.0000000000         1.5328296302
     3612.0000000000         2.6932990352
     3613.0000000000         4.5099296567
     3614.0000000000         5.7764746993
     3615.0000000000         6.2448696301
     3616.0000000000         6.4504261529
     3617.0000000000         6.5219933128
     3618.0000000000         6.7248862694
     3619.0000000000         6.6220051624
     3620.0000000000         6.5253372005
     3621.0000000000         6.1073440022
     3622.0000000000         5.7802671259
     3623.0000000000         5.8630210377
     3624.0000000000         6.7132922597
     3625.0000000000         7.3098815119
     3626.0000000000         7.3026640400
     3627.0000000000         6.9783296672
     3628.0000000000         6.5285995229
     3629.0000000000         6.4297716328
     3630.0000000000         6.2740615041
     3631.0000000000         6.2856785407
     3632.0000000000         6.2381595775
     3633.0000000000         6.1313975627
     3634.0000000000         6.0504537475
     3635.0000000000         6.2959138319
     3636.0000000000         6.0928691326
     3637.0000000000         6.2464299161
     3638.0000000000         6.2499967017
     3639.0000000000         6.3611045347
     3640.0000000000         6.3289328840
     3641.0000000000         6.4981491043
     3642.0000000000         6.4837634935
     3643.0000000000         6.3808803329
     3644.0000000000         6.4396268463
     3645.0000000000         6.3087411440
     3646.0000000000         6.3109096556
     3647.0000000000         6.1660239211
     3648.0000000000         6.0737058102
     3649.0000000000         5.9219356722
     3650.0000000000         6.0013070810
     3651.0000000000         6.1971110683
     3652.0000000000         6.2765697630
     3653.0000000000         6.1538326139
     3654.0000000000         6.0449845239
     3655.0000000000         6.2903256859
     3656.0000000000         6.2618698869
     3657.0000000000         6.2079947579
     3658.0000000000         6.1575812077
     3659.0000000000         6.2170915225
     3660.0000000000         6.2192957817
     3661.0000000000         6.2288679367
     3662.0000000000         6.5311468459
     3663.0000000000         6.3685524589
     3664.0000000000         6.2675150565
     3665.0000000000         6.2230971553
     3666.0000000000         6.2770121633
     3667.0000000000         6.1901505484
     3668.0000000000         6.1436886749
     3669.0000000000         6.3119316905
     3670.0000000000         6.2368854885
     3671.0000000000         6.3228815443
     3672.0000000000         6.3838420969
     3673.0000000000         6.2549116126
     3674.0000000000         6.3657096927
     3675.0000000000         6.4616470057
     3676.0000000000         6.3145299698
     3677.0000000000         6.2293507589
     3678.0000000000         6.2058127384
     3679.0000000000         6.0602826557
     3680.0000000000         6.2743529919
     3681.0000000000         6.1817849566
     3682.0000000000         6.0666464763
     3683.0000000000         6.1219570576
     3684.0000000000         6.0318983979
     3685.0000000000         5.8075960393
     3686.0000000000         5.8055553972
     3687.0000000000         5.6216075552
     3688.0000000000         5.5436311347
     3689.0000000000         5.7239664300
     3690.0000000000         6.0870514204
     3691.0000000000         6.1881237565
     3692.0000000000         6.1707259739
     3693.0000000000         6.1712284731
     3694.0000000000         6.1860144997
     3695.0000000000         6.1501760555
     3696.0000000000         6.0788448520
     3697.0000000000         6.0188866907
     3698.0000000000         6.0467850618
     3699.0000000000         5.9216554328
     3700.0000000000         5.8270418905
     3701.0000000000         5.8141094735
     3702.0000000000         5.8315580564
     3703.0000000000         5.9322777882
     3704.0000000000         6.0121595844
     3705.0000000000         5.9392600502
     3706.0000000000         5.7402710179
     3707.0000000000         5.8274355597
     3708.0000000000         5.5175949714
     3709.0000000000         5.1530122029
     3710.0000000000         5.2631222166
     3711.0000000000         5.5870053819
     3712.0000000000         5.5907379125
     3713.0000000000         4.8675121823
     3714.0000000000         3.8765698587
     3715.0000000000         3.9691632726
     3716.0000000000         4.7601379206
     3717.0000000000         5.3300772966
     3718.0000000000         5.7585826096
     3719.0000000000         5.7529601420
     3720.0000000000         5.2030765089
     3721.0000000000         4.9489343517
     3722.0000000000         4.7897219531
     3723.0000000000         5.0410437511
     3724.0000000000         5.4163392607
     3725.0000000000         5.4721532900
     3726.0000000000         5.0100771098
     3727.0000000000         4.1908068981
     3728.0000000000         3.7384672088
     3729.0000000000         3.3604531654
     3730.0000000000         2.7099485548
     3731.0000000000         2.6217735668
     3732.0000000000         3.2486350808
     3733.0000000000         3.9934467162
     3734.0000000000         3.8917924620
     3735.0000000000         3.4737973727
     3736.0000000000         2.9032029451
     3737.0000000000         2.5012059047
     3738.0000000000         3.2421804581
     3739.0000000000         5.0062593271
     3740.0000000000         6.0417379661
     3741.0000000000         6.1124583531
     3742.0000000000         6.1230136344
     3743.0000000000         6.2533233328
     3744.0000000000         6.3557507801
     3745.0000000000         6.1122539124
     3746.0000000000         5.9608778012
     3747.0000000000         5.8468900987
     3748.0000000000         5.0184292188
     3749.0000000000         3.6261545046
     3750.0000000000         3.8806511553
     3751.0000000000         5.6689841288
     3752.0000000000         6.7403311464
     3753.0000000000         6.6514977197
     3754.0000000000         6.2454229374
     3755.0000000000         6.1822432709
     3756.0000000000         6.1397362159
     3757.0000000000         6.0723067119
     3758.0000000000         6.0024755235
     3759.0000000000         5.9778559876
     3760.0000000000         5.8332742829
     3761.0000000000         5.8906998333
     3762.0000000000         5.9992010110
     3763.0000000000         6.0564300071
     3764.0000000000         6.0140311189
     3765.0000000000         6.1606751901
     3766.0000000000         6.1303756152
     3767.0000000000         6.1039461634
     3768.0000000000         6.1738815511
     3769.0000000000         6.2677505936
     3770.0000000000         6.0359252219
     3771.0000000000         5.8140706340
     3772.0000000000         5.4326151275
     3773.0000000000         4.6649292059
     3774.0000000000         4.1565254162
     3775.0000000000         4.7320496233
     3776.0000000000         5.7189817474
     3777.0000000000         6.1106384247
     3778.0000000000         6.1607951910
     3779.0000000000         6.2111409862
     3780.0000000000         6.1757232709
     3781.0000000000         6.2045240091
     3782.0000000000         6.2623420211
     3783.0000000000         6.2325835731
     3784.0000000000         6.0433771304
     3785.0000000000         6.0538578734
     3786.0000000000         6.1146038971
     3787.0000000000         6.1515791676
     3788.0000000000         6.2131526428
     3789.0000000000         6.1987189793
     3790.0000000000         6.1011115983
     3791.0000000000         6.0022249287
     3792.0000000000         5.8230556106
     3793.0000000000         5.6712315720
     3794.0000000000         5.6453934950
     3795.0000000000         5.8129501949
     3796.0000000000         6.0494260024
     3797.0000000000         6.1843930289
     3798.0000000000         6.1660734664
     3799.0000000000         6.1750978857
     3800.0000000000         6.2352851973
     3801.0000000000         6.2168395248
     3802.0000000000         6.1817751060
     3803.0000000000         6.1548837562
     3804.0000000000         6.0054507519
     3805.0000000000         5.9323383413
     3806.0000000000         5.9050464014
     3807.0000000000         5.9500802938
     3808.0000000000         5.8623743295
     3809.0000000000         5.6753419606
     3810.0000000000         5.0195643231
     3811.0000000000         4.7246898359
     3812.0000000000         5.1907530425
     3813.0000000000         5.7814216971
     3814.0000000000         5.9422837403
     3815.0000000000         6.0608747891
     3816.0000000000         6.0292909319
     3817.0000000000         5.6831926655
     3818.0000000000         4.9987387941
     3819.0000000000         4.0508198318
     3820.0000000000         3.0469426557
     3821.0000000000         2.2246323836
     3822.0000000000         1.7672330381
     3823.0000000000         1.3696983206
     3824.0000000000         1.6042858313
     3825.0000000000         2.4099300967
     3826.0000000000         3.1032662432
     3827.0000000000         3.7646431638
     3828.0000000000         4.9982337266
     3829.0000000000         5.9955336409
     3830.0000000000         6.2311151449
     3831.0000000000         6.0186409094
     3832.0000000000         6.0299005441
     3833.0000000000         5.9554982362
     3834.0000000000         5.4981907486
     3835.0000000000         5.0890306916
     3836.0000000000         5.1285465580
     3837.0000000000         5.5746448756
     3838.0000000000         5.8990196026
     3839.0000000000         6.1356806759
     3840.0000000000         6.1808594972
     3841.0000000000         6.0885168353
     3842.0000000000         6.0069091042
     3843.0000000000         5.7350173282
     3844.0000000000         5.8067281571
     3845.0000000000         5.8009759425
     3846.0000000000         5.7133282542
     3847.0000000000         5.5353653319
     3848.0000000000         5.4208538477
     3849.0000000000         5.2914535167
     3850.0000000000         5.3057957444
     3851.0000000000         5.2484036496
     3852.0000000000         5.3305315988
     3853.0000000000         5.5747572559
     3854.0000000000         5.9475530222
     3855.0000000000         6.0136195819
     3856.0000000000         5.9391735984
     3857.0000000000         5.9493258105
     3858.0000000000         5.9261395289
     3859.0000000000         6.0194435372
     3860.0000000000         5.9732465095
     3861.0000000000         5.9987600912
     3862.0000000000         6.0444261430
     3863.0000000000         6.0055190004
     3864.0000000000         5.9011124689
     3865.0000000000         6.0008455989
     3866.0000000000         6.0633773805
     3867.0000000000         6.0307894864
     3868.0000000000         5.9421271186
     3869.0000000000         5.8618411983
     3870.0000000000         5.8446738056
     3871.0000000000         5.9676789224
     3872.0000000000         5.9189695385
     3873.0000000000         5.9665217930
     3874.0000000000         5.9201553187
     3875.0000000000         5.8059182256
     3876.0000000000         5.5608823797
     3877.0000000000         5.5732470989
     3878.0000000000         5.7036044511
     3879.0000000000         5.9436643085
     3880.0000000000         6.0247859050
     3881.0000000000         5.9671807473
     3882.0000000000         5.9447839979
     3883.0000000000         5.9963308743
     3884.0000000000         6.0001357846
     3885.0000000000         5.8744955018
     3886.0000000000         5.9283193678
     3887.0000000000         6.0188951274
     3888.0000000000         5.8959324953
     3889.0000000000         5.8236005854
     3890.0000000000         5.8572463782
     3891.0000000000         5.8147488917
     3892.0000000000         5.8090180632
     3893.0000000000         5.8683849629
     3894.0000000000         5.8960616643
     3895.0000000000         5.9614473218
     3896.0000000000         5.9928058040
     3897.0000000000         5.9504424817
     3898.0000000000         5.8488385524
     3899.0000000000         5.8252488031
     3900.0000000000         5.6607885835
     3901.0000000000         5.6743234523
     3902.0000000000         5.6480145069
     3903.0000000000         5.6699610897
     3904.0000000000         5.6857881214
     3905.0000000000         5.7347363768
     3906.0000000000         5.6440713637
     3907.0000000000         5.5872807955
     3908.0000000000         5.7033725770
     3909.0000000000         5.7127594013
     3910.0000000000         5.7121273253
     3911.0000000000         5.6921782822
     3912.0000000000         5.5145880427
     3913.0000000000         5.4612132041
     3914.0000000000         5.6321714863
     3915.0000000000         5.7524084812
     3916.0000000000         5.7729324650
     3917.0000000000         5.7023276997
     3918.0000000000         5.6365877316
     3919.0000000000         5.7580271686
     3920.0000000000         5.6675290583
     3921.0000000000         5.6791028584
     3922.0000000000         5.6921008656
     3923.0000000000         5.5060411288
     3924.0000000000         5.3992553063
     3925.0000000000         5.2765955249
     3926.0000000000         5.2478415946
     3927.0000000000         5.4742008671
     3928.0000000000         5.4731479444
     3929.0000000000         5.4374525166
     3930.0000000000         5.5302851816
     3931.0000000000         5.6161146089
     3932.0000000000         5.4905107133
     3933.0000000000         5.3098116033
     3934.0000000000         5.2856546783
     3935.0000000000         5.4631652195
     3936.0000000000         5.4048694590
     3937.0000000000         5.4872190143
     3938.0000000000         5.5350274093
     3939.0000000000         5.5888424074
     3940.0000000000         5.6501895627
     3941.0000000000         5.6777061219
     3942.0000000000         5.7644013816
     3943.0000000000         5.6506762205
     3944.0000000000         5.4841866635
     3945.0000000000         5.5164444333
     3946.0000000000         5.6168379337
     3947.0000000000         5.6604189635
     3948.0000000000         5.5902627795
     3949.0000000000         5.4382426434
     3950.0000000000         5.4250022253
     3951.0000000000         5.3256112074
     3952.0000000000         5.4269709292
     3953.0000000000         5.3513353534
     3954.0000000000         5.3517347857
     3955.0000000000         5.4142282059
     3956.0000000000         5.5734461021
     3957.0000000000         5.5477118726
     3958.0000000000         5.4139898750
     3959.0000000000         5.4286673729
     3960.0000000000         5.4556264822
     3961.0000000000         5.4468208834
     3962.0000000000         5.4653239468
     3963.0000000000         5.5206474801
     3964.0000000000         5.4803729892
     3965.0000000000         5.3327950416
     3966.0000000000         5.3761259331
     3967.0000000000         5.4157865932
     3968.0000000000         5.3449673168
     3969.0000000000         5.3754919708
     3970.0000000000         5.4917428863
     3971.0000000000         5.5007849151
     3972.0000000000         5.5272625974
     3973.0000000000         5.4385318817
     3974.0000000000         5.3474573702
     3975.0000000000         5.1869392289
     3976.0000000000         5.0438403461
     3977.0000000000         5.0641214044
     3978.0000000000         5.1638548690
     3979.0000000000         5.2155609035
     3980.0000000000         5.3243074080
     3981.0000000000         5.3575541944
     3982.0000000000         5.3290782361
     3983.0000000000         5.3205674151
     3984.0000000000         5.3394377585
     3985.0000000000         5.2669293266
     3986.0000000000         5.1835722350
     3987.0000000000         4.9037404434
     3988.0000000000         4.5791280984
     3989.0000000000         3.9632726235
     3990.0000000000         3.3020348320
     3991.0000000000         2.5693921222
     3992.0000000000         1.7538291516
     3993.0000000000         1.6248554468
     3994.0000000000         2.5308286832
     3995.0000000000         3.9103466756
     3996.0000000000         4.7833114538
     3997.0000000000         5.1418570798
     3998.0000000000         5.2917782675
     3999.0000000000         5.3726275164
     4000.0000000000         5.3625849252
     4001.0000000000         5.4030119409
     4002.0000000000         5.4701620688
     4003.0000000000         5.3576989339
     4004.0000000000         5.3736774136
     4005.0000000000         5.3018861222
     4006.0000000000         5.2974100216
     4007.0000000000         5.3591363472
     4008.0000000000         5.3456641314
     4009.0000000000         5.3074878025
     4010.0000000000         5.2812052965
     4011.0000000000         5.2827833513
     4012.0000000000         5.1758306636
     4013.0000000000         5.0617661261
     4014.0000000000         4.7822226994
     4015.0000000000         4.4804505679
     4016.0000000000         3.8634918588
     4017.0000000000         3.0174447811
     4018.0000000000         2.2320719760
     4019.0000000000         2.2205510606
     4020.0000000000         3.2318070275
     4021.0000000000         4.5484185883
     4022.0000000000         5.2286132935
     4023.0000000000         5.5228083354
     4024.0000000000         5.6656844833
     4025.0000000000         5.7388409725
     4026.0000000000         5.5518462817
     4027.0000000000         5.6092825284
     4028.0000000000         5.6190566950
     4029.0000000000         5.5267406229
     4030.0000000000         5.5242584653
     4031.0000000000         5.4589489012
     4032.0000000000         5.4585909424
     4033.0000000000         5.4205336671
     4034.0000000000         5.4889183432
     4035.0000000000         5.4482620324
     4036.0000000000         5.4180478087
     4037.0000000000         5.2924513008
     4038.0000000000         5.2361509644
     4039.0000000000         5.1960821467
     4040.0000000000         5.2097333376
     4041.0000000000         5.4273218090
     4042.0000000000         5.6134148667
     4043.0000000000         5.5429492207
     4044.0000000000         5.4741064926
     4045.0000000000         5.4952513055
     4046.0000000000         5.5796890588
     4047.0000000000         5.5883097879
     4048.0000000000         5.6233702029
     4049.0000000000         5.5979444159
     4050.0000000000         5.5810208591
     4051.0000000000         5.5569184717
     4052.0000000000         5.4148169709
     4053.0000000000         5.4113799410
     4054.0000000000         5.3067443986
     4055.0000000000         5.3095844854
     4056.0000000000         5.3364804941
     4057.0000000000         5.3378761728
     4058.0000000000         5.2472267464
     4059.0000000000         5.2235765228
     4060.0000000000         5.0812267529
     4061.0000000000         5.0014589477
     4062.0000000000         5.1160667026
     4063.0000000000         5.1994879738
     4064.0000000000         5.2791815476
     4065.0000000000         5.2551561745
     4066.0000000000         5.3051737977
     4067.0000000000         5.2454127025
     4068.0000000000         5.0618773644
     4069.0000000000         5.0435946402
     4070.0000000000         5.0169919247
     4071.0000000000         5.1778852075
     4072.0000000000         5.2514143092
     4073.0000000000         5.2415763875
     4074.0000000000         5.2249318303
     4075.0000000000         5.3735190811
     4076.0000000000         5.3901500395
     4077.0000000000         5.3347217264
     4078.0000000000         5.3211796673
     4079.0000000000         5.3294552603
     4080.0000000000         5.3436979402
     4081.0000000000         5.3089788651
     4082.0000000000         5.3542915893
     4083.0000000000         5.3184110415
     4084.0000000000         5.3373691002
     4085.0000000000         5.2095665466
     4086.0000000000         5.0932011366
     4087.0000000000         5.0356451647
     4088.0000000000         5.0521400392
     4089.0000000000         5.0385386154
     4090.0000000000         4.9828961374
     4091.0000000000         4.9834380939
     4092.0000000000         5.1203963230
     4093.0000000000         5.1663091619
     4094.0000000000         5.1739763599
     4095.0000000000         5.2058683371
     4096.0000000000         5.1396440688
     4097.0000000000         5.2718440910
     4098.0000000000         5.0450642835
     4099.0000000000         5.0559791883
     4100.0000000000         5.0670614644
     4101.0000000000         5.1453822802
     4102.0000000000         5.3502466459
     4103.0000000000         5.3518306793
     4104.0000000000         5.4037093804
     4105.0000000000         5.1025675602
     4106.0000000000         4.7105199697
     4107.0000000000         4.6111521369
     4108.0000000000         4.8309077148
     4109.0000000000         5.1561303000
     4110.0000000000         5.2897050389
     4111.0000000000         5.2589780480
     4112.0000000000         5.2854902933
     4113.0000000000         5.1784859051
     4114.0000000000         5.2081395469
     4115.0000000000         5.2359893145
     4116.0000000000         5.3658522361
     4117.0000000000         5.3250283531
     4118.0000000000         5.3967288729
     4119.0000000000         5.3230403825
     4120.0000000000         5.2796961755
     4121.0000000000         5.2441916817
     4122.0000000000         5.2398632140
     4123.0000000000         5.2266223998
     4124.0000000000         4.7914248748
     4125.0000000000         3.6792203650
     4126.0000000000         3.2141952671
     4127.0000000000         3.8389276930
     4128.0000000000         4.8543997774
     4129.0000000000         5.1614867531
     4130.0000000000         5.1473229609
     4131.0000000000         4.8045545824
     4132.0000000000         4.0193511473
     4133.0000000000         3.7796281735
     4134.0000000000         4.3494989611
     4135.0000000000         5.0499174345
     4136.0000000000         5.3807001955
     4137.0000000000         5.3720490752
     4138.0000000000         5.3101984487
     4139.0000000000         5.1942553543
     4140.0000000000         5.0990516292
     4141.0000000000         5.1515593720
     4142.0000000000         5.3102401541
     4143.0000000000         5.2094368162
     4144.0000000000         5.1420982329
     4145.0000000000         5.1429927897
     4146.0000000000         5.2035172933
     4147.0000000000         5.1979060004
     4148.0000000000         5.2570325296
     4149.0000000000         5.2942976904
     4150.0000000000         5.2353578362
     4151.0000000000         5.1483720830
     4152.0000000000         5.1974732034
     4153.0000000000         5.2305535113
     4154.0000000000         5.2332038774
     4155.0000000000         5.2346923238
     4156.0000000000         5.3398588781
     4157.0000000000         5.3586411357
     4158.0000000000         5.3751895798
     4159.0000000000         5.3430520663
     4160.0000000000         5.3485496388
     4161.0000000000         5.2549152284
     4162.0000000000         5.1596032040
     4163.0000000000         4.6578292620
     4164.0000000000         3.3621815669
     4165.0000000000         2.2754233373
     4166.0000000000         2.7311234994
     4167.0000000000         4.0558920283
     4168.0000000000         4.7247524068
     4169.0000000000         4.8983654755
     4170.0000000000         4.4966002151
     4171.0000000000         3.6415540583
     4172.0000000000         2.9306721987
     4173.0000000000         3.4098194195
     4174.0000000000         4.4513991984
     4175.0000000000         5.0022503864
     4176.0000000000         5.0811019095
     4177.0000000000         5.1308796467
     4178.0000000000         5.2388862072
     4179.0000000000         5.1504812671
     4180.0000000000         5.1626602442
     4181.0000000000         5.2058603169
     4182.0000000000         5.0360934650
     4183.0000000000         4.9653962621
     4184.0000000000         5.0260697350
     4185.0000000000         5.0170286894
     4186.0000000000         5.1093087481
     4187.0000000000         5.0741468228
     4188.0000000000         5.0797719998
     4189.0000000000         5.0904714134
     4190.0000000000         5.0693889426
     4191.0000000000         5.1297514624
     4192.0000000000         5.1974757515
     4193.0000000000         5.1546148148
     4194.0000000000         5.2397240496
     4195.0000000000         5.2104893216
     4196.0000000000         5.0730290989
     4197.0000000000         5.0036470933
     4198.0000000000         4.9190992684
     4199.0000000000         4.9649743708
     4200.0000000000         4.9880081802
     4201.0000000000         4.9895940067
     4202.0000000000         5.0031139290
     4203.0000000000         4.8514853274
     4204.0000000000         4.7995157536
     4205.0000000000         4.9367472464
     4206.0000000000         4.9632336013
     4207.0000000000         5.0627996754
     4208.0000000000         5.1296797909
     4209.0000000000         5.0615718428
     4210.0000000000         5.0645116427
     4211.0000000000         5.1405022483
     4212.0000000000         5.1722494128
     4213.0000000000         5.2047156998
     4214.0000000000         5.2918300099
     4215.0000000000         5.2158861262
     4216.0000000000         5.1456454266
     4217.0000000000         5.1338828298
     4218.0000000000         5.1302808444
     4219.0000000000         5.0841247553
     4220.0000000000         5.0181481081
     4221.0000000000         5.0759557014
     4222.0000000000         5.1543537088
     4223.0000000000         5.2769312700
     4224.0000000000         5.3372561324
     4225.0000000000         5.2242647413
     4226.0000000000         5.0808670716
     4227.0000000000         4.9680494347
     4228.0000000000         4.9518722195
     4229.0000000000         4.9820514318
     4230.0000000000         4.9194174104
     4231.0000000000         4.2876924141
     4232.0000000000         3.0311795406
     4233.0000000000         1.9287235669
     4234.0000000000         2.2745889359
     4235.0000000000         3.6783760069
     4236.0000000000         4.6487502700
     4237.0000000000         5.0085080788
     4238.0000000000         4.6475769827
     4239.0000000000         3.5315913623
     4240.0000000000         2.6381078635
     4241.0000000000         2.9192476078
     4242.0000000000         4.0907695575
     4243.0000000000         4.8869759076
     4244.0000000000         5.0636750548
     4245.0000000000         5.0725495682
     4246.0000000000         4.9971211052
     4247.0000000000         4.9903244781
     4248.0000000000         4.9698810592
     4249.0000000000         4.8220406441
     4250.0000000000         4.8627741534
     4251.0000000000         4.9257454464
     4252.0000000000         5.0229806348
     4253.0000000000         4.9823679698
     4254.0000000000         4.8967428098
     4255.0000000000         4.8899294464
     4256.0000000000         4.9085488690
     4257.0000000000         4.9210680993
     4258.0000000000         4.9258273946
     4259.0000000000         4.9476810020
     4260.0000000000         5.1133678602
     4261.0000000000         5.1281504994
     4262.0000000000         5.1782956029
     4263.0000000000         5.1701277749
     4264.0000000000         5.2197234974
     4265.0000000000         5.2094090466
     4266.0000000000         5.2397564668
     4267.0000000000         5.1089787559
     4268.0000000000         5.0696057857
     4269.0000000000         4.9929366103
     4270.0000000000         5.0284298933
     4271.0000000000         5.0250164649
     4272.0000000000         5.0100312993
     4273.0000000000         5.0104975046
     4274.0000000000         4.9718817508
     4275.0000000000         5.0117936888
     4276.0000000000         4.9837531123
     4277.0000000000         4.7657542771
     4278.0000000000         4.4585982721
     4279.0000000000         4.2219050714
     4280.0000000000         4.4924869351
     4281.0000000000         4.7814155429
     4282.0000000000         4.9179936540
     4283.0000000000         4.8587359623
     4284.0000000000         4.8030952834
     4285.0000000000         4.6222702036
     4286.0000000000         4.5809734561
     4287.0000000000         4.7393242564
     4288.0000000000         4.8881147395
     4289.0000000000         4.9140284449
     4290.0000000000         4.9568043280
     4291.0000000000         4.9968339532
     4292.0000000000         5.0074827942
     4293.0000000000         5.0131322833
     4294.0000000000         4.7652822656
     4295.0000000000         4.7581812177
     4296.0000000000         4.8300986107
     4297.0000000000         4.7948244802
     4298.0000000000         4.6777446225
     4299.0000000000         4.6355899843
     4300.0000000000         4.6216872931
     4301.0000000000         4.5007803967
     4302.0000000000         4.4059293589
     4303.0000000000         4.3206977844
     4304.0000000000         4.4582604622
     4305.0000000000         4.6386570570
     4306.0000000000         4.8066196425
     4307.0000000000         4.8163196401
     4308.0000000000         4.8609533359
     4309.0000000000         4.8187877465
     4310.0000000000         4.7178009212
     4311.0000000000         4.8785969998
     4312.0000000000         4.9008527547
     4313.0000000000         4.7823312216
     4314.0000000000         4.7819001643
     4315.0000000000         4.9505443475
     4316.0000000000         5.0298478363
     4317.0000000000         4.9705416402
     4318.0000000000         4.9646436917
     4319.0000000000         5.0151356677
     4320.0000000000         4.9971961460
     4321.0000000000         4.9725658639
     4322.0000000000         4.9778346577
     4323.0000000000         4.9772193467
     4324.0000000000         4.9022633529
     4325.0000000000         4.8846917140
     4326.0000000000         4.8038031172
     4327.0000000000         4.7045665889
     4328.0000000000         4.7895380885
     4329.0000000000         4.7809482182
     4330.0000000000         4.6667071348
     4331.0000000000         4.5290259460
     4332.0000000000         4.6020496521
     4333.0000000000         4.6305295094
     4334.0000000000         4.6031670792
     4335.0000000000         4.5575353706
     4336.0000000000         4.6402264289
     4337.0000000000         4.7285668193
     4338.0000000000         4.8162049979
     4339.0000000000         4.8137361811
     4340.0000000000         4.8298031961
     4341.0000000000         4.8142381864
     4342.0000000000         4.7105252925
     4343.0000000000         4.6179583123
     4344.0000000000         4.6468850628
     4345.0000000000         4.5699253619
     4346.0000000000         4.6119716112
     4347.0000000000         4.6214885513
     4348.0000000000         4.6318051258
     4349.0000000000         4.7972555885
     4350.0000000000         4.8215638018
     4351.0000000000         4.8149325868
     4352.0000000000         4.7551363857
     4353.0000000000         4.7155974834
     4354.0000000000         4.7474585956
     4355.0000000000         4.7476013615
     4356.0000000000         4.7911903836
     4357.0000000000         4.8930133907
     4358.0000000000         4.7949676809
     4359.0000000000         4.7590522114
     4360.0000000000         4.8075360715
     4361.0000000000         4.8604723684
     4362.0000000000         4.9513005379
     4363.0000000000         4.9359244583
     4364.0000000000         4.8978669020
     4365.0000000000         4.7949296262
     4366.0000000000         4.7216420804
     4367.0000000000         4.4637397228
     4368.0000000000         4.3402385155
     4369.0000000000         3.8908480258
     4370.0000000000         3.3701366964
     4371.0000000000         2.9663397613
     4372.0000000000         2.4816626701
     4373.0000000000         1.9117659532
     4374.0000000000         1.5848452075
     4375.0000000000         2.1085583142
     4376.0000000000         3.3016813915
     4377.0000000000         4.1070285450
     4378.0000000000         4.4834848973
     4379.0000000000         4.6663111873
     4380.0000000000         4.7855942224
     4381.0000000000         4.8599136247
     4382.0000000000         4.7643084891
     4383.0000000000         4.5214825735
     4384.0000000000         4.4130568973
     4385.0000000000         4.4130796513
     4386.0000000000         4.3466853082
     4387.0000000000         4.2822367906
     4388.0000000000         4.1960233883
     4389.0000000000         4.1933647264
     4390.0000000000         4.2731774923
     4391.0000000000         4.3318036544
     4392.0000000000         4.5146023831
     4393.0000000000         5.1712105175
     4394.0000000000         5.6288319328
     4395.0000000000         5.3312295921
     4396.0000000000         4.7714838503
     4397.0000000000         4.5214789008
     4398.0000000000         4.4352843023
     4399.0000000000         4.4311664522
     4400.0000000000         4.2918667888
     4401.0000000000         4.2695220640
     4402.0000000000         4.2603520164
     4403.0000000000         4.3210421442
     4404.0000000000         4.1977141395
     4405.0000000000         4.0536294151
     4406.0000000000         4.0364950374
     4407.0000000000         3.9581151798
     4408.0000000000         4.0162813527
     4409.0000000000         4.0019054258
     4410.0000000000         3.8810953551
     4411.0000000000         3.9328255185
     4412.0000000000         3.9855990362
     4413.0000000000         3.9948384355
     4414.0000000000         3.9159127874
     4415.0000000000         3.9174405591
     4416.0000000000         3.9775171001
     4417.0000000000         3.9325113413
     4418.0000000000         3.8733989687
     4419.0000000000         3.8396868754
     4420.0000000000         3.8016182788
     4421.0000000000         3.8734971152
     4422.0000000000         3.7917847433
     4423.0000000000         3.7997508304
     4424.0000000000         3.8978277246
     4425.0000000000         3.8143455581
     4426.0000000000         3.7390766320
     4427.0000000000         3.8139950661
     4428.0000000000         3.7580875810
     4429.0000000000         3.5630373012
     4430.0000000000         3.2587289793
     4431.0000000000         2.9375681488
     4432.0000000000         2.5703946826
     4433.0000000000         2.2040200824
     4434.0000000000         1.7200945222
     4435.0000000000         1.3455385376
     4436.0000000000         1.8137845582
     4437.0000000000         3.1842683879
     4438.0000000000         4.0967199782
     4439.0000000000         3.8397411833
     4440.0000000000         3.3015614406
     4441.0000000000         2.6297840925
     4442.0000000000         1.9998718496
     4443.0000000000         2.1889912872
     4444.0000000000         3.4312659009
     4445.0000000000         4.7725945290
     4446.0000000000         5.2349623761
     4447.0000000000         5.1087601001
     4448.0000000000         4.9508657294
     4449.0000000000         4.9101391857
     4450.0000000000         4.8438581404
     4451.0000000000         4.7212125730
     4452.0000000000         4.6235364623
     4453.0000000000         4.6432568923
     4454.0000000000         4.8869697010
     4455.0000000000         4.9189289701
     4456.0000000000         4.8491752290
     4457.0000000000         4.7740844160
     4458.0000000000         4.7368441526
     4459.0000000000         4.6928663039
     4460.0000000000         4.6398735898
     4461.0000000000         4.6356867731
     4462.0000000000         4.7014098891
     4463.0000000000         4.7160411455
     4464.0000000000         4.6676945649
     4465.0000000000         4.6613121792
     4466.0000000000         4.5151437364
     4467.0000000000         4.4614956337
     4468.0000000000         4.4471091526
     4469.0000000000         4.5031834633
     4470.0000000000         4.4378655256
     4471.0000000000         4.3624671761
     4472.0000000000         4.3507123307
     4473.0000000000         4.3966025530
     4474.0000000000         4.4399263522
     4475.0000000000         4.5050165418
     4476.0000000000         4.4557961302
     4477.0000000000         4.3386060333
     4478.0000000000         4.2649178133
     4479.0000000000         4.2649716617
     4480.0000000000         4.3613354815
     4481.0000000000         4.3464136418
     4482.0000000000         4.2803056984
     4483.0000000000         4.2954056885
     4484.0000000000         4.4215465627
     4485.0000000000         4.4720809416
     4486.0000000000         4.5101476561
     4487.0000000000         4.3518833945
     4488.0000000000         4.3593726766
     4489.0000000000         4.2888251982
     4490.0000000000         4.3967727934
     4491.0000000000         4.4676896323
     4492.0000000000         4.3269987504
     4493.0000000000         3.8928601268
     4494.0000000000         3.3878403270
     4495.0000000000         3.3980892828
     4496.0000000000         4.0165224306
     4497.0000000000         4.3244637903
     4498.0000000000         4.3425003664
     4499.0000000000         4.3254416008
     4500.0000000000         4.3943156024
     4501.0000000000         4.4481251010
     4502.0000000000         4.4766561206
     4503.0000000000         4.5083531467
     4504.0000000000         4.5862409205
     4505.0000000000         4.5779384835
     4506.0000000000         4.5222443676
     4507.0000000000         4.5709098665
     4508.0000000000         4.5593153758
     4509.0000000000         4.5786597226
     4510.0000000000         4.6330616404
     4511.0000000000         4.5661527851
     4512.0000000000         4.4032191957
     4513.0000000000         4.3600171124
     4514.0000000000         4.3403203001
     4515.0000000000         4.3737874938
     4516.0000000000         4.4659621597
     4517.0000000000         4.4487633633
     4518.0000000000         4.4108888501
     4519.0000000000         4.3744257268
     4520.0000000000         4.3717447363
     4521.0000000000         4.4113727863
     4522.0000000000         4.4206969337
     4523.0000000000         4.4059523432
     4524.0000000000         4.4384079241
     4525.0000000000         4.4579796545
     4526.0000000000         4.4265101160
     4527.0000000000         4.4260843705
     4528.0000000000         4.3454915104
     4529.0000000000         4.3760272746
     4530.0000000000         4.3020289901
     4531.0000000000         4.3055528959
     4532.0000000000         4.4804161347
     4533.0000000000         4.5175872738
     4534.0000000000         4.4715092581
     4535.0000000000         4.4394683466
     4536.0000000000         4.3957466126
     4537.0000000000         4.4913315132
     4538.0000000000         4.5075547702
     4539.0000000000         4.3834114446
     4540.0000000000         4.3809332441
     4541.0000000000         4.3872069039
     4542.0000000000         4.2805073360
     4543.0000000000         4.3625577247
     4544.0000000000         4.4190755752
     4545.0000000000         4.6060969235
     4546.0000000000         4.7141205584
     4547.0000000000         4.6075210522
     4548.0000000000         4.4955113455
     4549.0000000000         4.4934221565
     4550.0000000000         4.4776320399
     4551.0000000000         4.4713007259
     4552.0000000000         4.6014061057
     4553.0000000000         4.6717342574
     4554.0000000000         4.5968567187
     4555.0000000000         4.5621034625
     4556.0000000000         4.6048912430
     4557.0000000000         4.5510093160
     4558.0000000000         4.4770916455
     4559.0000000000         4.3513531133
     4560.0000000000         4.3308688558
     4561.0000000000         4.2611146588
     4562.0000000000         4.2022876904
     4563.0000000000         4.3563738260
     4564.0000000000         4.4166063152
     4565.0000000000         4.4005309952
     4566.0000000000         4.3996637799
     4567.0000000000         4.3609270206
     4568.0000000000         4.4109447916
     4569.0000000000         4.3710796868
     4570.0000000000         4.3875886966
     4571.0000000000         4.3931109007
     4572.0000000000         4.3204477041
     4573.0000000000         4.3296560110
     4574.0000000000         4.3461838468
     4575.0000000000         4.3519909340
     4576.0000000000         4.4297175407
     4577.0000000000         4.3712396201
     4578.0000000000         4.3733006765
     4579.0000000000         4.2456360670
     4580.0000000000         4.3642191044
     4581.0000000000         4.4856677126
     4582.0000000000         4.5448780311
     4583.0000000000         4.5389702956
     4584.0000000000         4.4587280016
     4585.0000000000         4.3858189666
     4586.0000000000         4.1673118559
     4587.0000000000         4.0964452070
     4588.0000000000         4.0744570399
     4589.0000000000         4.0075675130
     4590.0000000000         4.1223338713
     4591.0000000000         4.2642362738
     4592.0000000000         4.3217087142
     4593.0000000000         4.2756057026
     4594.0000000000         4.3207488400
     4595.0000000000         4.3472639943
     4596.0000000000         4.4329892258
     4597.0000000000         4.3201557386
     4598.0000000000         4.2170853031
     4599.0000000000         4.1933243003
     4600.0000000000         4.1414470958
     4601.0000000000         4.0593066322
     4602.0000000000         4.0359361504
     4603.0000000000         4.0667054701
     4604.0000000000         3.9786564003
     4605.0000000000         3.8852757124
     4606.0000000000         3.7780515913
     4607.0000000000         3.3957995043
     4608.0000000000         2.9954247330
     4609.0000000000         3.0680768564
     4610.0000000000         3.5424429867
     4611.0000000000         3.8522469493
     4612.0000000000         3.9016082526
     4613.0000000000         3.9924809085
     4614.0000000000         4.0013662592
     4615.0000000000         3.8685900847
     4616.0000000000         3.7737469670
     4617.0000000000         3.6800930508
     4618.0000000000         3.7409941507
     4619.0000000000         3.8522207679
     4620.0000000000         3.9522987447
     4621.0000000000         4.1719103557
     4622.0000000000         4.3147447266
     4623.0000000000         4.3546143847
     4624.0000000000         4.3199892354
     4625.0000000000         4.2414523297
     4626.0000000000         4.2702681968
     4627.0000000000         4.2445630868
     4628.0000000000         4.2902827395
     4629.0000000000         4.3009070349
     4630.0000000000         4.3510497512
     4631.0000000000         4.3481955785
     4632.0000000000         4.3271250838
     4633.0000000000         4.2541906072
     4634.0000000000         4.3187662603
     4635.0000000000         4.2601261589
     4636.0000000000         4.4322677464
     4637.0000000000         4.6164487261
     4638.0000000000         4.6666721526
     4639.0000000000         4.4148182317
     4640.0000000000         4.2773328758
     4641.0000000000         4.1543470765
     4642.0000000000         4.1266107785
     4643.0000000000         3.9774176446
     4644.0000000000         3.9438777043
     4645.0000000000         3.9958123435
     4646.0000000000         4.0135796015
     4647.0000000000         4.0233912500
     4648.0000000000         4.1229170586
     4649.0000000000         4.2570180113
     4650.0000000000         4.2413040962
     4651.0000000000         4.1738116720
     4652.0000000000         4.1569314822
     4653.0000000000         4.1867620876
     4654.0000000000         4.2556435715
     4655.0000000000         4.3263375675
     4656.0000000000         4.3670476357
     4657.0000000000         4.3334591320
     4658.0000000000         4.3089255378
     4659.0000000000         4.2770508559
     4660.0000000000         4.2107088420
     4661.0000000000         4.1442606433
     4662.0000000000         4.1795982394
     4663.0000000000         4.1421506510
     4664.0000000000         4.1477373074
     4665.0000000000         4.2037183558
     4666.0000000000         4.1625056528
     4667.0000000000         4.0565108495
     4668.0000000000         4.0601514115
     4669.0000000000         4.1214367783
     4670.0000000000         4.1445211173
     4671.0000000000         4.1402667954
     4672.0000000000         4.0597491078
     4673.0000000000         4.0325456950
     4674.0000000000         3.9877025025
     4675.0000000000         3.9939373818
     4676.0000000000         3.9985579473
     4677.0000000000         4.0790167495
     4678.0000000000         4.2269742838
     4679.0000000000         4.2759186438
     4680.0000000000         4.3112229993
     4681.0000000000         4.3376699197
     4682.0000000000         4.3726184108
     4683.0000000000         4.3071538337
     4684.0000000000         4.3426778254
     4685.0000000000         4.3429150749
     4686.0000000000         4.3528807899
     4687.0000000000         4.3696486649
     4688.0000000000         4.4415950582
     4689.0000000000         4.4360942438
     4690.0000000000         4.4546409132
     4691.0000000000         4.5486366073
     4692.0000000000         4.5244987924
     4693.0000000000         4.5547572256
     4694.0000000000         4.5521838671
     4695.0000000000         4.5492606713
     4696.0000000000         4.4780908665
     4697.0000000000         4.5058665302
     4698.0000000000         4.7595404881
     4699.0000000000         5.1264415101
     4700.0000000000         5.6236810280
     4701.0000000000         5.6751729867
     4702.0000000000         5.1242024778
     4703.0000000000         4.7706369964
     4704.0000000000         4.6661848746
     4705.0000000000         4.5793859307
     4706.0000000000         4.5365001514
     4707.0000000000         4.5236361932
     4708.0000000000         4.5743713245
     4709.0000000000         4.6346888272
     4710.0000000000         4.5865928138
     4711.0000000000         4.5702642184
     4712.0000000000         4.5247713748
     4713.0000000000         4.4755460002
     4714.0000000000         4.4611443667
     4715.0000000000         4.4918716583
     4716.0000000000         4.5291597415
     4717.0000000000         4.4493716578
     4718.0000000000         4.4159128583
     4719.0000000000         4.3416041984
     4720.0000000000         4.3493127271
     4721.0000000000         4.3670774686
     4722.0000000000         4.4581602292
     4723.0000000000         4.4566484042
     4724.0000000000         4.3992112577
     4725.0000000000         4.3560580469
     4726.0000000000         4.2881184334
     4727.0000000000         4.2885996254
     4728.0000000000         4.2996529848
     4729.0000000000         4.3250737921
     4730.0000000000         4.2761323073
     4731.0000000000         4.2915450022
     4732.0000000000         4.1669322675
     4733.0000000000         4.1570695080
     4734.0000000000         4.1522429222
     4735.0000000000         4.0512510776
     4736.0000000000         3.9933694071
     4737.0000000000         3.9744337492
     4738.0000000000         4.0503939697
     4739.0000000000         4.0944517652
     4740.0000000000         4.1344766119
     4741.0000000000         4.1673261306
     4742.0000000000         4.1926818413
     4743.0000000000         4.2066329660
     4744.0000000000         4.1401579780
     4745.0000000000         4.0336171973
     4746.0000000000         3.9390067624
     4747.0000000000         3.8459244620
     4748.0000000000         3.8619969345
     4749.0000000000         3.9793237677
     4750.0000000000         3.9421280569
     4751.0000000000         3.9525297555
     4752.0000000000         4.0387081619
     4753.0000000000         4.0447724116
     4754.0000000000         4.1202697548
     4755.0000000000         4.1639494842
     4756.0000000000         4.2592173660
     4757.0000000000         4.3776750920
     4758.0000000000         4.7619349740
     4759.0000000000         4.8820988234
     4760.0000000000         4.6158526254
     4761.0000000000         4.1778619773
     4762.0000000000         3.9015643238
     4763.0000000000         3.9072686265
     4764.0000000000         3.9971936869
     4765.0000000000         4.0525075735
     4766.0000000000         4.0661046744
     4767.0000000000         4.0820948107
     4768.0000000000         4.1818037261
     4769.0000000000         4.2117825694
     4770.0000000000         4.2064108845
     4771.0000000000         4.3081910641
     4772.0000000000         4.6955633403
     4773.0000000000         5.4434176638
     4774.0000000000         5.9488008163
     4775.0000000000         5.6341771630
     4776.0000000000         4.7322056471
     4777.0000000000         4.2963960689
     4778.0000000000         4.1238582456
     4779.0000000000         4.0001451762
     4780.0000000000         3.7812857328
     4781.0000000000         3.5224998130
     4782.0000000000         3.2149442095
     4783.0000000000         2.8327503020
     4784.0000000000         2.5577019609
     4785.0000000000         2.3033184853
     4786.0000000000         1.9045342073
     4787.0000000000         1.9759462101
     4788.0000000000         2.7695067864
     4789.0000000000         3.6267702418
     4790.0000000000         3.9830964496
     4791.0000000000         4.0258371301
     4792.0000000000         3.9430206721
     4793.0000000000         3.8369853762
     4794.0000000000         3.7508928259
     4795.0000000000         3.8150231317
     4796.0000000000         3.9851421822
     4797.0000000000         4.0789554584
     4798.0000000000         4.1094338566
     4799.0000000000         4.1104088994
     4800.0000000000         4.0121513835
     4801.0000000000         4.0284257712
     4802.0000000000         4.0081016260
     4803.0000000000         3.9903320600
     4804.0000000000         3.9830647673
     4805.0000000000         4.0079506179
     4806.0000000000         4.1180672576
     4807.0000000000         4.1841298466
     4808.0000000000         4.1989763309
     4809.0000000000         4.1681725508
     4810.0000000000         4.1533580128
     4811.0000000000         4.1559113500
     4812.0000000000         4.1914775696
     4813.0000000000         4.1788546411
     4814.0000000000         4.1572687643
     4815.0000000000         4.0516364521
     4816.0000000000         4.0662819198
     4817.0000000000         4.0294897409
     4818.0000000000         3.9111427197
     4819.0000000000         3.9649204920
     4820.0000000000         4.0746579530
     4821.0000000000         4.0751618510
     4822.0000000000         4.0586725042
     4823.0000000000         4.0352132969
     4824.0000000000         4.0362036584
     4825.0000000000         4.0041353426
     4826.0000000000         4.0255705936
     4827.0000000000         4.1108411300
     4828.0000000000         4.1218873564
     4829.0000000000         4.1272927450
     4830.0000000000         4.0597539726
     4831.0000000000         4.0153070064
     4832.0000000000         3.9867643490
     4833.0000000000         3.8986786579
     4834.0000000000         3.8564057512
     4835.0000000000         3.7547788938
     4836.0000000000         3.7004634274
     4837.0000000000         3.7873378090
     4838.0000000000         3.8574831105
     4839.0000000000         3.9570737947
     4840.0000000000         3.9966132429
     4841.0000000000         4.0211597039
     4842.0000000000         3.9009700799
     4843.0000000000         3.8067545857
     4844.0000000000         3.7850472762
     4845.0000000000         3.8647644753
     4846.0000000000         3.9062639699
     4847.0000000000         3.9696413172
     4848.0000000000         3.8629206148
     4849.0000000000         3.8194507608
     4850.0000000000         3.8297161978
     4851.0000000000         3.9116892947
     4852.0000000000         3.9405517116
     4853.0000000000         3.9893234173
     4854.0000000000         3.9385623246
     4855.0000000000         3.8523815341
     4856.0000000000         3.7479219901
     4857.0000000000         3.7689045682
     4858.0000000000         3.7556856106
     4859.0000000000         3.8068975663
     4860.0000000000         3.8392491258
     4861.0000000000         3.8714551815
     4862.0000000000         3.8798683659
     4863.0000000000         3.8759935764
     4864.0000000000         3.8805174726
     4865.0000000000         3.8406709950
     4866.0000000000         3.8927332692
     4867.0000000000         3.8623850794
     4868.0000000000         3.8993378790
     4869.0000000000         3.9332002856
     4870.0000000000         3.9569940247
     4871.0000000000         3.9317490392
     4872.0000000000         3.8547128631
     4873.0000000000         3.8753011787
     4874.0000000000         3.8068117930
     4875.0000000000         3.8073629058
     4876.0000000000         3.8285805953
     4877.0000000000         3.9546482330
     4878.0000000000         3.9778969333
     4879.0000000000         3.9244904512
     4880.0000000000         3.9219627934
     4881.0000000000         3.8617361102
     4882.0000000000         3.8028087555
     4883.0000000000         3.8867382082
     4884.0000000000         3.9041116167
     4885.0000000000         3.9275720652
     4886.0000000000         3.8879307153
     4887.0000000000         3.9116304558
     4888.0000000000         3.8611365351
     4889.0000000000         3.8834319437
     4890.0000000000         3.7956986590
     4891.0000000000         3.7023482476
     4892.0000000000         3.6503239804
     4893.0000000000         3.7460591626
     4894.0000000000         3.7644666802
     4895.0000000000         3.7289638023
     4896.0000000000         3.7429483504
     4897.0000000000         3.6083973348
     4898.0000000000         3.5061625365
     4899.0000000000         3.4998165444
     4900.0000000000         3.6129344765
     4901.0000000000         3.6913518630
     4902.0000000000         3.6984155828
     4903.0000000000         3.7156415559
     4904.0000000000         3.6673133853
     4905.0000000000         3.8015541119
     4906.0000000000         3.8239328362
     4907.0000000000         3.7567584375
     4908.0000000000         3.7427899597
     4909.0000000000         3.7772440227
     4910.0000000000         3.7551889444
     4911.0000000000         3.8004043732
     4912.0000000000         3.7376214574
     4913.0000000000         3.7270119254
     4914.0000000000         3.7520201066
     4915.0000000000         3.6551938057
     4916.0000000000         3.6614890490
     4917.0000000000         3.7674874075
     4918.0000000000         3.7603731335
     4919.0000000000         3.7028089430
     4920.0000000000         3.6051652754
     4921.0000000000         3.4750696524
     4922.0000000000         3.3850062851
     4923.0000000000         3.3528071868
     4924.0000000000         3.3139039125
     4925.0000000000         3.4684748024
     4926.0000000000         3.5750893564
     4927.0000000000         3.6502966892
     4928.0000000000         3.7363488148
     4929.0000000000         3.7166401221
     4930.0000000000         3.7095837766
     4931.0000000000         3.6101673577
     4932.0000000000         3.6088195356
     4933.0000000000         3.6135297503
     4934.0000000000         3.6282675926
     4935.0000000000         3.5668527269
     4936.0000000000         3.5248225999
     4937.0000000000         3.5701787516
     4938.0000000000         3.5796332630
     4939.0000000000         3.5601649613
     4940.0000000000         3.4620912507
     4941.0000000000         3.4556186817
     4942.0000000000         3.5694611107
     4943.0000000000         3.6430098910
     4944.0000000000         3.7150498704
     4945.0000000000         3.7246908089
     4946.0000000000         3.7346968215
     4947.0000000000         3.7862848506
     4948.0000000000         3.8041607547
     4949.0000000000         3.7975112731
     4950.0000000000         3.7805799292
     4951.0000000000         3.8114526565
     4952.0000000000         3.8078821365
     4953.0000000000         3.8543246268
     4954.0000000000         3.9679554073
     4955.0000000000         3.9063348551
     4956.0000000000         3.8487705984
     4957.0000000000         3.7636818120
     4958.0000000000         3.7023600415
     4959.0000000000         3.7027293069
     4960.0000000000         3.7385102727
     4961.0000000000         3.7678686551
     4962.0000000000         3.8114698608
     4963.0000000000         3.8061477834
     4964.0000000000         3.7639050909
     4965.0000000000         3.7175269397
     4966.0000000000         3.7734262371
     4967.0000000000         3.8023415137
     4968.0000000000         3.7879759785
     4969.0000000000         3.7749749720
     4970.0000000000         3.8370226947
     4971.0000000000         3.8186472963
     4972.0000000000         3.7971512739
     4973.0000000000         3.7702143274
     4974.0000000000         3.7683088879
     4975.0000000000         3.7737321595
     4976.0000000000         3.7921775950
     4977.0000000000         3.8145224928
     4978.0000000000         3.7365380976
     4979.0000000000         3.7225207041
     4980.0000000000         3.6671045094
     4981.0000000000         3.5533258679
     4982.0000000000         3.5642832740
     4983.0000000000         3.6619644524
     4984.0000000000         3.7120773687
     4985.0000000000         3.6673396859
     4986.0000000000         3.6252077817
     4987.0000000000         3.6345459563
     4988.0000000000         3.4279670595
     4989.0000000000         3.2412934161
     4990.0000000000         3.2671477955
     4991.0000000000         3.4396048814
     4992.0000000000         3.5552736512
     4993.0000000000         3.6642762366
     4994.0000000000         3.7318604596
     4995.0000000000         3.7181799860
     4996.0000000000         3.7445873487
     4997.0000000000         3.7522122137
     4998.0000000000         3.7871248299
     4999.0000000000         3.7237432550
     5000.0000000000         3.6700543605
     5001.0000000000         3.6762040352
     5002.0000000000         3.6552736489
     5003.0000000000         3.6638010438
     5004.0000000000         3.6017826397
     5005.0000000000         3.5233808619
     5006.0000000000         3.5188749649
     5007.0000000000         3.4288453399
     5008.0000000000         3.4765483777
     5009.0000000000         3.5140997082
     5010.0000000000         3.5024152033
     5011.0000000000         3.5291790906
     5012.0000000000         3.5819860167
     5013.0000000000         3.6652450063
     5014.0000000000         3.6775167058
     5015.0000000000         3.6882969657
     5016.0000000000         3.5582275132
     5017.0000000000         3.5297670784
     5018.0000000000         3.4248289762
     5019.0000000000         3.2866472914
     5020.0000000000         3.3207464056
     5021.0000000000         3.3980758398
     5022.0000000000         3.4597854536
     5023.0000000000         3.5270921723
     5024.0000000000         3.5358929244
     5025.0000000000         3.6278368635
     5026.0000000000         3.7015331422
     5027.0000000000         3.7394298319
     5028.0000000000         3.6706161933
     5029.0000000000         3.6913343857
     5030.0000000000         3.6921470122
     5031.0000000000         3.7201492500
     5032.0000000000         3.7886174526
     5033.0000000000         3.7763767257
     5034.0000000000         3.7447772075
     5035.0000000000         3.7890062417
     5036.0000000000         3.7230409100
     5037.0000000000         3.6631414704
     5038.0000000000         3.6070515960
     5039.0000000000         3.6125431091
     5040.0000000000         3.6474762839
     5041.0000000000         3.6376904636
     5042.0000000000         3.5644135595
     5043.0000000000         3.4769755482
     5044.0000000000         3.3433173379
     5045.0000000000         3.3672738983
     5046.0000000000         3.4882874306
     5047.0000000000         3.5646095964
     5048.0000000000         3.6035203626
     5049.0000000000         3.6135776859
     5050.0000000000         3.6331468509
     5051.0000000000         3.6228280741
     5052.0000000000         3.5510526443
     5053.0000000000         3.6205852502
     5054.0000000000         3.5581638018
     5055.0000000000         3.4509791175
     5056.0000000000         3.4577100112
     5057.0000000000         3.4637267573
     5058.0000000000         3.5663675736
     5059.0000000000         3.6250479785
     5060.0000000000         3.6776438740
     5061.0000000000         3.6481324373
     5062.0000000000         3.6652201663
     5063.0000000000         3.6270648445
     5064.0000000000         3.5385460544
     5065.0000000000         3.5043355730
     5066.0000000000         3.5000565093
     5067.0000000000         3.5142068533
     5068.0000000000         3.5706070823
     5069.0000000000         3.5415794400
     5070.0000000000         3.4496015433
     5071.0000000000         3.3535490268
     5072.0000000000         3.3824292840
     5073.0000000000         3.4292980097
     5074.0000000000         3.5028378592
     5075.0000000000         3.5152290315
     5076.0000000000         3.5062239771
     5077.0000000000         3.5301076654
     5078.0000000000         3.5515091367
     5079.0000000000         3.5076333767
     5080.0000000000         3.4520684120
     5081.0000000000         3.4546342021
     5082.0000000000         3.4173881388
     5083.0000000000         3.4458670921
     5084.0000000000         3.4380678609
     5085.0000000000         3.4445002494
     5086.0000000000         3.3886032620
     5087.0000000000         3.3908629674
     5088.0000000000         3.3776051791
     5089.0000000000         3.3665517715
     5090.0000000000         3.3997940516
     5091.0000000000         3.4486768377
     5092.0000000000         3.4567423934
     5093.0000000000         3.4930272479
     5094.0000000000         3.5202162116
     5095.0000000000         3.5254443268
     5096.0000000000         3.5179387035
     5097.0000000000         3.4626065419
     5098.0000000000         3.4063952852
     5099.0000000000         3.4260979290
     5100.0000000000         3.5058720115
     5101.0000000000         3.5360296035
     5102.0000000000         3.5049130284
     5103.0000000000         3.4632333582
     5104.0000000000         3.4712673295
     5105.0000000000         3.4894984502
     5106.0000000000         3.5481727424
     5107.0000000000         3.4357932202
     5108.0000000000         3.4103049950
     5109.0000000000         3.4140600873
     5110.0000000000         3.4470958126
     5111.0000000000         3.5134547706
     5112.0000000000         3.5346930847
     5113.0000000000         3.4544993267
     5114.0000000000         3.4791904709
     5115.0000000000         3.6024404552
     5116.0000000000         3.6435358096
     5117.0000000000         3.6434765008
     5118.0000000000         3.5364190574
     5119.0000000000         3.4866980744
     5120.0000000000         3.4245144535
     5121.0000000000         3.4649522143
     5122.0000000000         3.4507851618
     5123.0000000000         3.3585276044
     5124.0000000000         3.2874206862
     5125.0000000000         3.3866043089
     5126.0000000000         3.4428199791
     5127.0000000000         3.4864687020
     5128.0000000000         3.4530549281
     5129.0000000000         3.4051346563
     5130.0000000000         3.3678908941
     5131.0000000000         3.3793461734
     5132.0000000000         3.3604854932
     5133.0000000000         3.3886925938
     5134.0000000000         3.3690268840
     5135.0000000000         3.3553731158
     5136.0000000000         3.3744984065
     5137.0000000000         3.3782482439
     5138.0000000000         3.4162580728
     5139.0000000000         3.4303738374
     5140.0000000000         3.3485379705
     5141.0000000000         3.3367444710
     5142.0000000000         3.4458405734
     5143.0000000000         3.4262378101
     5144.0000000000         3.5023662091
     5145.0000000000         3.4865540556
     5146.0000000000         3.4873651329
     5147.0000000000         3.4889245061
     5148.0000000000         3.4985919960
     5149.0000000000         3.4666099890
     5150.0000000000         3.4672352428
     5151.0000000000         3.4409436255
     5152.0000000000         3.3443159540
     5153.0000000000         3.4368403924
     5154.0000000000         3.4464653966
     5155.0000000000         3.4566422062
     5156.0000000000         3.4702113051
     5157.0000000000         3.4870332319
     5158.0000000000         3.5116803828
     5159.0000000000         3.4598130037
     5160.0000000000         3.4718819137
     5161.0000000000         3.4454640734
     5162.0000000000         3.4227335437
     5163.0000000000         3.4445624864
     5164.0000000000         3.4274020288
     5165.0000000000         3.4427190447
     5166.0000000000         3.4642221198
     5167.0000000000         3.4279921205
     5168.0000000000         3.3919213798
     5169.0000000000         3.3637571062
     5170.0000000000         3.3866852336
     5171.0000000000         3.3549383107
     5172.0000000000         3.3208572660
     5173.0000000000         3.3704100132
     5174.0000000000         3.3803547379
     5175.0000000000         3.3686821049
     5176.0000000000         3.3412288240
     5177.0000000000         3.2504168011
     5178.0000000000         3.1599506783
     5179.0000000000         2.9463506425
     5180.0000000000         2.8950925910
     5181.0000000000         3.1005062834
     5182.0000000000         3.3615513467
     5183.0000000000         3.4069097103
     5184.0000000000         3.3520050882
     5185.0000000000         3.3319288637
     5186.0000000000         3.3572282482
     5187.0000000000         3.3075838401
     5188.0000000000         3.3382870895
     5189.0000000000         3.2908567172
     5190.0000000000         3.2464688930
     5191.0000000000         3.2608210742
     5192.0000000000         3.2734175204
     5193.0000000000         3.2869222060
     5194.0000000000         3.2888596896
     5195.0000000000         3.3147576728
     5196.0000000000         3.2777106117
     5197.0000000000         3.3106538542
     5198.0000000000         3.3080707550
     5199.0000000000         3.2365457918
     5200.0000000000         3.2543761045
     5201.0000000000         3.2282034304
     5202.0000000000         3.2637122677
     5203.0000000000         3.2335201148
     5204.0000000000         3.3141206300
     5205.0000000000         3.4866208114
     5206.0000000000         3.7639227066
     5207.0000000000         3.7855900179
     5208.0000000000         3.6492832324
     5209.0000000000         3.5366969632
     5210.0000000000         3.3947884626
     5211.0000000000         3.3310115576
     5212.0000000000         3.2740706765
     5213.0000000000         3.2742260015
     5214.0000000000         3.2083650293
     5215.0000000000         3.2603128422
     5216.0000000000         3.1898838995
     5217.0000000000         3.1878554859
     5218.0000000000         3.2809835303
     5219.0000000000         3.2706108252
     5220.0000000000         3.2577667698
     5221.0000000000         3.2602555629
     5222.0000000000         3.2605180699
     5223.0000000000         3.2139189101
     5224.0000000000         3.2384715575
     5225.0000000000         3.3018154291
     5226.0000000000         3.2987700784
     5227.0000000000         3.3252896496
     5228.0000000000         3.2749333322
     5229.0000000000         3.3071530652
     5230.0000000000         3.3663542993
     5231.0000000000         3.2585098148
     5232.0000000000         3.2426105179
     5233.0000000000         3.2036730085
     5234.0000000000         3.2761610269
     5235.0000000000         3.2659342546
     5236.0000000000         3.2789943320
     5237.0000000000         3.1976422453
     5238.0000000000         3.2415634250
     5239.0000000000         3.2651324314
     5240.0000000000         3.3399180379
     5241.0000000000         3.2237814117
     5242.0000000000         3.1754840850
     5243.0000000000         3.1695791988
     5244.0000000000         3.1124529194
     5245.0000000000         3.0993828369
     5246.0000000000         3.1879143056
     5247.0000000000         3.2554567673
     5248.0000000000         3.2765808312
     5249.0000000000         3.2769537347
     5250.0000000000         3.3347027504
     5251.0000000000         3.3149339585
     5252.0000000000         3.2534815557
     5253.0000000000         3.2660741654
     5254.0000000000         3.2692761482
     5255.0000000000         3.2767438192
     5256.0000000000         3.2253153950
     5257.0000000000         3.3175724598
     5258.0000000000         3.2784560342
     5259.0000000000         3.3405726345
     5260.0000000000         3.3025736936
     5261.0000000000         3.3262115091
     5262.0000000000         3.2792134497
     5263.0000000000         3.2659606214
     5264.0000000000         3.2229475634
     5265.0000000000         3.1414168054
     5266.0000000000         3.1648748009
     5267.0000000000         3.1706561109
     5268.0000000000         3.2153035243
     5269.0000000000         3.1255204927
     5270.0000000000         3.1799454562
     5271.0000000000         3.2195737942
     5272.0000000000         3.2153445368
     5273.0000000000         3.2328209586
     5274.0000000000         3.2428349778
     5275.0000000000         3.1454022250
     5276.0000000000         3.1036540542
     5277.0000000000         3.1208493592
     5278.0000000000         3.1671094898
     5279.0000000000         3.1741477404
     5280.0000000000         3.1096926878
     5281.0000000000         3.0625014344
     5282.0000000000         3.0225765583
     5283.0000000000         2.9997115662
     5284.0000000000         3.0553538495
     5285.0000000000         3.0509182746
     5286.0000000000         3.0880829377
     5287.0000000000         3.0805741591
     5288.0000000000         3.0809660688
     5289.0000000000         3.0706152306
     5290.0000000000         3.1314801616
     5291.0000000000         3.0999141733
     5292.0000000000         3.1478296171
     5293.0000000000         3.1753823426
     5294.0000000000         3.0815427766
     5295.0000000000         3.0704833040
     5296.0000000000         3.0903964573
     5297.0000000000         3.0835574701
     5298.0000000000         3.0062721688
     5299.0000000000         2.9794836463
     5300.0000000000         2.9755694675
     5301.0000000000         2.9458531158
     5302.0000000000         2.9596720371
     5303.0000000000         3.0435557102
     5304.0000000000         3.1065249031
     5305.0000000000         3.0794253912
     5306.0000000000         3.0632852001
     5307.0000000000         2.9880035597
     5308.0000000000         2.9091838513
     5309.0000000000         2.8366613521
     5310.0000000000         2.7044032013
     5311.0000000000         2.5152280864
     5312.0000000000         2.1484128799
     5313.0000000000         1.8047386189
     5314.0000000000         1.8273513516
     5315.0000000000         2.3653597485
     5316.0000000000         2.8686327488
     5317.0000000000         3.0972762281
     5318.0000000000         3.1615279462
     5319.0000000000         3.1617530863
     5320.0000000000         3.1952338991
     5321.0000000000         3.2370516330
     5322.0000000000         3.2201371706
     5323.0000000000         3.1567967229
     5324.0000000000         3.0617288302
     5325.0000000000         2.9984185199
     5326.0000000000         3.0912955833
     5327.0000000000         3.1372950809
     5328.0000000000         3.0610171437
     5329.0000000000         2.9791743415
     5330.0000000000         2.9905610941
     5331.0000000000         3.0196381744
     5332.0000000000         2.9813742030
     5333.0000000000         2.8623850213
     5334.0000000000         2.7380187704
     5335.0000000000         2.5067969283
     5336.0000000000         2.1700587178
     5337.0000000000         2.1296861836
     5338.0000000000         2.5279970434
     5339.0000000000         2.9370617692
     5340.0000000000         3.1339286025
     5341.0000000000         3.1847139639
     5342.0000000000         3.0893674307
     5343.0000000000         3.1284127006
     5344.0000000000         3.0625958131
     5345.0000000000         3.0428701535
     5346.0000000000         3.0240362562
     5347.0000000000         2.9888496043
     5348.0000000000         3.0089500702
     5349.0000000000         3.0889849952
     5350.0000000000         3.1933403069
     5351.0000000000         3.1691150749
     5352.0000000000         3.2010409730
     5353.0000000000         3.1402341533
     5354.0000000000         3.1933620765
     5355.0000000000         3.2055922443
     5356.0000000000         3.1535212400
     5357.0000000000         3.0801824910
     5358.0000000000         3.0699392687
     5359.0000000000         3.0153925376
     5360.0000000000         3.0792941998
     5361.0000000000         3.0813001625
     5362.0000000000         3.0396978561
     5363.0000000000         2.9944302142
     5364.0000000000         3.0167257071
     5365.0000000000         2.9871449087
     5366.0000000000         3.0086669281
     5367.0000000000         3.0120497400
     5368.0000000000         3.0920393551
     5369.0000000000         3.0596421342
     5370.0000000000         3.1200427930
     5371.0000000000         3.1514464662
     5372.0000000000         3.1465063633
     5373.0000000000         3.1577687875
     5374.0000000000         3.1847796740
     5375.0000000000         3.1999322133
     5376.0000000000         3.1999470617
     5377.0000000000         3.1429497785
     5378.0000000000         3.0929523561
     5379.0000000000         3.1852208656
     5380.0000000000         3.1396078164
     5381.0000000000         3.0602739034
     5382.0000000000         3.1185445841
     5383.0000000000         3.1133341588
     5384.0000000000         3.2445876682
     5385.0000000000         3.1943546434
     5386.0000000000         3.1526472754
     5387.0000000000         3.1236426196
     5388.0000000000         3.0618524248
     5389.0000000000         3.0440456564
     5390.0000000000         3.0488103106
     5391.0000000000         3.0870733921
     5392.0000000000         3.2206324440
     5393.0000000000         3.7240330198
     5394.0000000000         4.3646067677
     5395.0000000000         4.5492110441
     5396.0000000000         4.0421281841
     5397.0000000000         3.4146202084
     5398.0000000000         3.0698343537
     5399.0000000000         2.9984882030
     5400.0000000000         2.8993116834
     5401.0000000000         2.8791623901
     5402.0000000000         2.9368636444
     5403.0000000000         2.9766328324
     5404.0000000000         2.9325216360
     5405.0000000000         2.9521814432
     5406.0000000000         2.9303481721
     5407.0000000000         2.8546740246
     5408.0000000000         2.8634798739
     5409.0000000000         2.9199185862
     5410.0000000000         2.9745444108
     5411.0000000000         3.0174850397
     5412.0000000000         2.9773016165
     5413.0000000000         2.9901155384
     5414.0000000000         3.0427708738
     5415.0000000000         2.9876612136
     5416.0000000000         2.9954998928
     5417.0000000000         2.9366733923
     5418.0000000000         2.9517311238
     5419.0000000000         3.0934110070
     5420.0000000000         3.3905214369
     5421.0000000000         3.7987672157
     5422.0000000000         3.7978816880
     5423.0000000000         3.4170392068
     5424.0000000000         3.1570918837
     5425.0000000000         2.9927674158
     5426.0000000000         2.9201166493
     5427.0000000000         2.9074319932
     5428.0000000000         2.9068354185
     5429.0000000000         2.8351058908
     5430.0000000000         2.8072496605
     5431.0000000000         2.7560958350
     5432.0000000000         2.8054603788
     5433.0000000000         2.8635766233
     5434.0000000000         2.9064415473
     5435.0000000000         2.8722805759
     5436.0000000000         2.9673302710
     5437.0000000000         3.0294585258
     5438.0000000000         3.0961344694
     5439.0000000000         3.0314939617
     5440.0000000000         3.0409393297
     5441.0000000000         3.0378056508
     5442.0000000000         2.9940669556
     5443.0000000000         2.9378754671
     5444.0000000000         2.9635262126
     5445.0000000000         3.0107824707
     5446.0000000000         2.9276717108
     5447.0000000000         2.8676354760
     5448.0000000000         2.8534753571
     5449.0000000000         2.9385975941
     5450.0000000000         2.9468019054
     5451.0000000000         2.8778907964
     5452.0000000000         2.9381051628
     5453.0000000000         2.9695452244
     5454.0000000000         3.0089299223
     5455.0000000000         2.9663970452
     5456.0000000000         2.9739859226
     5457.0000000000         2.9568560736
     5458.0000000000         3.0117154389
     5459.0000000000         3.1539516283
     5460.0000000000         3.2268898402
     5461.0000000000         3.8736618281
     5462.0000000000         5.6574140687
     5463.0000000000         7.3305086931
     5464.0000000000         7.0955787275
     5465.0000000000         5.1961816099
     5466.0000000000         3.8373867293
     5467.0000000000         3.8767278281
     5468.0000000000         4.9888549843
     5469.0000000000         6.0245536141
     5470.0000000000         5.6616117545
     5471.0000000000         4.3340119614
     5472.0000000000         3.3588420998
     5473.0000000000         3.0544247322
     5474.0000000000         2.9103039561
     5475.0000000000         2.9006829365
     5476.0000000000         2.9171685869
     5477.0000000000         2.9053733097
     5478.0000000000         2.9269575838
     5479.0000000000         2.9944308604
     5480.0000000000         2.9905844092
     5481.0000000000         2.9056176048
     5482.0000000000         2.8060163277
     5483.0000000000         2.8030873031
     5484.0000000000         2.7607090825
     5485.0000000000         2.7882503591
     5486.0000000000         2.8037142300
     5487.0000000000         2.7727551182
     5488.0000000000         2.8067363840
     5489.0000000000         2.8124615774
     5490.0000000000         2.8523610850
     5491.0000000000         2.8858295348
     5492.0000000000         2.7987112400
     5493.0000000000         2.7714575077
     5494.0000000000         2.7128789631
     5495.0000000000         2.6293574646
     5496.0000000000         2.5967005443
     5497.0000000000         2.6752733741
     5498.0000000000         2.7255055904
     5499.0000000000         2.8222631283
     5500.0000000000         2.8131628996
     5501.0000000000         2.8014114742
     5502.0000000000         2.8393818125
     5503.0000000000         2.8606724364
     5504.0000000000         2.8057527605
     5505.0000000000         2.8101353135
     5506.0000000000         2.7941322654
     5507.0000000000         2.7280691371
     5508.0000000000         2.6735099689
     5509.0000000000         2.6199347473
     5510.0000000000         2.5148080191
     5511.0000000000         2.5911449237
     5512.0000000000         2.6382192208
     5513.0000000000         2.6848603553
     5514.0000000000         2.6564073446
     5515.0000000000         2.7137239005
     5516.0000000000         2.7408863541
     5517.0000000000         2.6900838473
     5518.0000000000         2.6309113749
     5519.0000000000         2.5660667979
     5520.0000000000         2.6064569955
     5521.0000000000         2.6289491587
     5522.0000000000         2.6591973576
     5523.0000000000         2.6061247830
     5524.0000000000         2.5811480796
     5525.0000000000         2.5284691155
     5526.0000000000         2.5378562985
     5527.0000000000         2.5686533196
     5528.0000000000         2.5808923668
     5529.0000000000         2.5729727775
     5530.0000000000         2.4676646338
     5531.0000000000         2.5015879969
     5532.0000000000         2.5465093552
     5533.0000000000         2.5066590840
     5534.0000000000         2.6146972897
     5535.0000000000         2.6385341719
     5536.0000000000         2.7133173868
     5537.0000000000         2.7528744817
     5538.0000000000         2.5943292139
     5539.0000000000         2.4180709855
     5540.0000000000         2.4221960715
     5541.0000000000         2.4157793872
     5542.0000000000         2.4301986859
     5543.0000000000         2.3952607191
     5544.0000000000         2.3594506833
     5545.0000000000         2.3368845469
     5546.0000000000         2.3192846163
     5547.0000000000         2.3450978175
     5548.0000000000         2.2802717167
     5549.0000000000         2.1900284962
     5550.0000000000         2.2091157620
     5551.0000000000         2.2483278804
     5552.0000000000         2.2406123557
     5553.0000000000         2.2777633816
     5554.0000000000         2.3204975533
     5555.0000000000         2.2754095433
     5556.0000000000         2.2620337187
     5557.0000000000         2.2444719737
     5558.0000000000         2.2251857617
     5559.0000000000         2.2040131380
     5560.0000000000         2.2587061892
     5561.0000000000         2.2419023347
     5562.0000000000         2.1711350419
     5563.0000000000         2.1797943213
     5564.0000000000         2.2901692514
     5565.0000000000         2.2932186101
     5566.0000000000         2.2169998613
     5567.0000000000         2.2664422292
     5568.0000000000         2.1507331448
     5569.0000000000         2.1646259132
     5570.0000000000         2.1009990236
     5571.0000000000         2.2455267573
     5572.0000000000         2.0162985417
     5573.0000000000         2.1615804407
     5574.0000000000         2.3420533154
     5575.0000000000         0.4044444540
     5576.0000000000        -9.0432751362
     5577.0000000000        16.9385418578
     5578.0000000000        23.0500913034
     5579.0000000000        25.7777484939
     5580.0000000000        10.4566731644
     5581.0000000000         1.3324013300
     5582.0000000000         1.5353127263
     5583.0000000000         1.6146164184
     5584.0000000000         1.6788820751
     5585.0000000000         1.5977848073
     5586.0000000000         1.5949510105
     5587.0000000000         1.5804919819
     5588.0000000000         1.5974824149
     5589.0000000000         1.5514474473
     5590.0000000000         1.5315402687
     5591.0000000000         1.5164625849
     5592.0000000000         1.4805539442
     5593.0000000000         1.4384274869
     5594.0000000000         1.3904576338
     5595.0000000000         1.3741554225
     5596.0000000000         1.1589405431
     5597.0000000000         1.1685289944
     5598.0000000000         1.1094043098
     5599.0000000000         1.1096478488
     5600.0000000000         1.1835018841
     5601.0000000000         1.1471094594
     5602.0000000000         1.1928989853
     5603.0000000000         1.2749059195
     5604.0000000000         1.2327882430
     5605.0000000000         1.2155859644
     5606.0000000000         1.1436918750
     5607.0000000000         1.0956702944
     5608.0000000000         1.1460828306
     5609.0000000000         1.1349255855
     5610.0000000000         1.1292746126
     5611.0000000000         1.1252219578
     5612.0000000000         1.0944176430
     5613.0000000000         1.0497509829
     5614.0000000000         1.0102660524
     5615.0000000000         1.0188314915
     5616.0000000000         1.1398082495
     5617.0000000000         1.0334519628
     5618.0000000000         0.9761044199
     5619.0000000000         1.0464109869
     5620.0000000000         1.0630037575
     5621.0000000000         1.0264784912
     5622.0000000000         0.9828139826
     5623.0000000000         0.9428897126
     5624.0000000000         0.8623091407
     5625.0000000000         0.8812125166
     5626.0000000000         0.8771287681
     5627.0000000000         0.8359416985
     5628.0000000000         0.9674696479
     5629.0000000000         0.8810132454
     5630.0000000000         0.8364180765
     5631.0000000000         0.9477778427
     5632.0000000000         0.9509651746
     5633.0000000000         0.9335508361
     5634.0000000000         0.8161735168
     5635.0000000000         0.8177200712
     5636.0000000000         0.8542330704
     5637.0000000000         0.7392676335
     5638.0000000000         0.7402125030
     5639.0000000000         0.7460397325
     5640.0000000000         0.7587914279
     5641.0000000000         0.6249956775
     5642.0000000000         0.7154510732
     5643.0000000000         0.7523317531
     5644.0000000000         0.6732667208
     5645.0000000000         0.6789705942
     5646.0000000000         0.6198582926
     5647.0000000000         0.6477209611
     5648.0000000000         0.6145003570
     5649.0000000000         0.5854433505
     5650.0000000000         0.5570761005
     5651.0000000000         0.5629980572
     5652.0000000000         0.4850548202
     5653.0000000000         0.4312405643
     5654.0000000000         0.4335788912
     5655.0000000000         0.4107378225
     5656.0000000000         0.4414751733
     5657.0000000000         0.3799733096
     5658.0000000000         0.3868108173
     5659.0000000000         0.3711415034
     5660.0000000000         0.3404319340
     5661.0000000000         0.3510567022
     5662.0000000000         0.3475409766
     5663.0000000000         0.3259730511
     5664.0000000000         0.2750708109
     5665.0000000000         0.2282579341
     5666.0000000000         0.2315147699
     5667.0000000000         0.2228106740
     5668.0000000000         0.2083351162
     5669.0000000000         0.2064667184
     5670.0000000000         0.2034334886
     5671.0000000000         0.2007486747
     5672.0000000000         0.1890021947
     5673.0000000000         0.1938229034
     5674.0000000000         0.1966229783
     5675.0000000000         0.1924646163
     5676.0000000000         0.1778907674
     5677.0000000000         0.1742512779
     5678.0000000000         0.1776084662
     5679.0000000000         0.1712316364
     5680.0000000000         0.1653632412
     5681.0000000000         0.1658889316
     5682.0000000000         0.1631583324
     5683.0000000000         0.1558256288
     5684.0000000000         0.1662974101
     5685.0000000000         0.1514237126
     5686.0000000000         0.1487823310
     5687.0000000000         0.1523028350
     5688.0000000000         0.1480650540
     5689.0000000000         0.1602750418
     5690.0000000000         0.1564228954
     5691.0000000000         0.1494605922
     5692.0000000000         0.1523376363
     5693.0000000000         0.1431475800
     5694.0000000000         0.1425361041
     5695.0000000000         0.1549712958
     5696.0000000000         0.1302337580
     5697.0000000000         0.1449757341
     5698.0000000000         0.1206119539
     5699.0000000000         0.1176980497
     5700.0000000000         0.1273778396
     5701.0000000000         0.1004404043
     5702.0000000000         0.0946082943
     5703.0000000000         0.0417444972
     5704.0000000000         0.0090421655
     5705.0000000000         0.0158434239
     5706.0000000000         0.0345553996
     5707.0000000000         0.0121827405
     5708.0000000000         0.0219068215
     5709.0000000000         0.0066655522
     5710.0000000000        -0.0032663341
     5711.0000000000         0.0086124051
     5712.0000000000         0.0163336353
     5713.0000000000         0.0021497276
     5714.0000000000        -0.0023313368
     5715.0000000000        -0.0010278462
     5716.0000000000         0.0072776725
     5717.0000000000         0.0011282268
     5718.0000000000        -0.0002849998
     5719.0000000000        -0.0016583157
     5720.0000000000        -0.0005929720
     5721.0000000000         0.0002876808
     5722.0000000000         0.0025490357
     5723.0000000000         0.0028738038
     5724.0000000000        -0.0019426003
     5725.0000000000         0.0001889687
     5726.0000000000         0.0020346437
     5727.0000000000         0.0036626498
     5728.0000000000        -0.0004067703
     5729.0000000000         0.0027653764
     5730.0000000000         0.0041194242
     5731.0000000000         0.0013912033
     5732.0000000000         0.0026473426
     5733.0000000000         0.0022958037
     5734.0000000000         0.0004395114
     5735.0000000000        -0.0005979592
     5736.0000000000         0.0060278411
     5737.0000000000        -0.0032080548
     5738.0000000000         0.0001333702
     5739.0000000000         0.0002488418
     5740.0000000000        -0.0034487044
     5741.0000000000        -0.0001326440
     5742.0000000000        -0.0028965115
     5743.0000000000        -0.0005374564
     5744.0000000000        -0.0003534091
     5745.0000000000        -0.0028678565
     5746.0000000000        -0.0031784440
     5747.0000000000        -0.0001999925
     5748.0000000000        -0.0014990750
     5749.0000000000        -0.0020853847
     5750.0000000000         0.0016755763
     5751.0000000000        -0.0026949498
     5752.0000000000        -0.0027184303
     5753.0000000000        -0.0014690746
     5754.0000000000        -0.0030384237
     5755.0000000000        -0.0013504652
     5756.0000000000         0.0002578511
     5757.0000000000        -0.0023194760
     5758.0000000000        -0.0008816149
     5759.0000000000        -0.0002774657
     5760.0000000000        -0.0016730820
     5761.0000000000        -0.0040621053
     5762.0000000000        -0.0008185290
     5763.0000000000        -0.0020012205
     5764.0000000000        -0.0023097194
     5765.0000000000        -0.0016305901
     5766.0000000000        -0.0003602963
     5767.0000000000        -0.0008437672
     5768.0000000000        -0.0023775862
     5769.0000000000        -0.0013336686
     5770.0000000000         0.0020228495
     5771.0000000000        -0.0011894606
     5772.0000000000        -0.0000699989
     5773.0000000000         0.0018657007
     5774.0000000000         0.0023966303
     5775.0000000000        -0.0006707072
     5776.0000000000        -0.0002119674
     5777.0000000000        -0.0000246182
     5778.0000000000        -0.0016455595
     5779.0000000000        -0.0006487664
     5780.0000000000         0.0026648919
     5781.0000000000        -0.0010549591
     5782.0000000000         0.0005021862
     5783.0000000000         0.0019257743
     5784.0000000000         0.0056443578
     5785.0000000000         0.0006850131
     5786.0000000000         0.0008115469
     5787.0000000000         0.0025762516
     5788.0000000000         0.0006251242
     5789.0000000000        -0.0020534793
     5790.0000000000        -0.0013069360
     5791.0000000000        -0.0007850349
     5792.0000000000        -0.0008418159
     5793.0000000000         0.0026655968
     5794.0000000000        -0.0016281586
     5795.0000000000        -0.0007216374
     5796.0000000000         0.0023177828
     5797.0000000000         0.0013379651
     5798.0000000000        -0.0003556435
     5799.0000000000         0.0013342820
     5800.0000000000         0.0006530818
     5801.0000000000        -0.0010623382
     5802.0000000000         0.0005744729
     5803.0000000000         0.0029894319
     5804.0000000000        -0.0012870154
     5805.0000000000        -0.0024376633
     5806.0000000000         0.0037101059
     5807.0000000000         0.0034767780
     5808.0000000000         0.0022580642
     5809.0000000000         0.0013788386
     5810.0000000000         0.0025400349
     5811.0000000000         0.0013150059
     5812.0000000000         0.0015117003
     5813.0000000000         0.0023407941
     5814.0000000000        -0.0000228141
     5815.0000000000        -0.0007927978
     5816.0000000000        -0.0010993194
     5817.0000000000        -0.0022007332
     5818.0000000000         0.0019157002
     5819.0000000000         0.0029393820
     5820.0000000000         0.0009174466
     5821.0000000000         0.0004646837
     5822.0000000000         0.0008021306
     5823.0000000000        -0.0000895792
     5824.0000000000        -0.0000075406
     5825.0000000000         0.0000095946
